
> dashboard@0.2.0 build
> next build

▲ Next.js 16.2.2 (Turbopack)
- Environments: .env.local

  Creating an optimized production build ...
Turbopack build encountered 1 warnings:
./next.config.ts
Encountered unexpected file in NFT list
A file was traced that indicates that the whole project was traced unintentionally. Somewhere in the import trace below, there are:
- filesystem operations (like path.join, path.resolve or fs.readFile), or
- very dynamic requires (like require('./' + foo)).
To resolve this, you can
- remove them if possible, or
- only use them in development, or
- make sure they are statically scoped to some subfolder: path.join(process.cwd(), 'data', bar), or
- add ignore comments: path.join(/*turbopackIgnore: true*/ process.cwd(), bar)

Import trace:
  App Route:
    ./next.config.ts
    ./src/app/api/studio/text/route.ts



> Build error occurred
Error: Turbopack build failed with 121 errors:
./src/app/globals.css
Error evaluating Node.js code
Error: Cannot find module '@vercel/turbopack/postcss'
    [at /private/tmp/osmu-v25-build.uWzn5Y/.next/build/chunks/[root-of-the-server]__0v50te1._.js:80:15]
    [at module evaluation (/private/tmp/osmu-v25-build.uWzn5Y/.next/build/chunks/[root-of-the-server]__0v50te1._.js:83:3)]
    at moduleFactory (turbopack:///[turbopack]/nodejs/runtime/build-base.ts:57:5) [/private/tmp/osmu-v25-build.uWzn5Y/.next/build/chunks/[turbopack]_runtime.js:840:9]
    at instantiateModule (turbopack:///[turbopack]/nodejs/runtime/build-base.ts:90:10) [/private/tmp/osmu-v25-build.uWzn5Y/.next/build/chunks/[turbopack]_runtime.js:864:12]
    at getOrInstantiateModuleFromParent (turbopack:///[turbopack]/shared/runtime/runtime-utils.ts:398:18) [/private/tmp/osmu-v25-build.uWzn5Y/.next/build/chunks/[turbopack]_runtime.js:268:20]
    [at /private/tmp/osmu-v25-build.uWzn5Y/.next/build/chunks/[turbopack-node]_transforms_postcss_ts_06e.r3r._.js:8:16]
    [at process.processTicksAndRejections (node:internal/process/task_queues:105:5)]
    at async run (turbopack:///[turbopack-node]/child_process/evaluate.ts:72:20) [/private/tmp/osmu-v25-build.uWzn5Y/.next/build/chunks/[root-of-the-server]__0ubbtyl._.js:427:24]

Import traces:
  App Route:
    ./src/app/globals.css
    ./src/app/api/studio/text/route.ts

  Client Component Browser:
    ./src/app/globals.css [Client Component Browser]
    ./src/app/layout.tsx [Server Component]


./src/components/studio/EditOutline.module.css
Error evaluating Node.js code
Error: Cannot find module '@vercel/turbopack/postcss'
    [at /private/tmp/osmu-v25-build.uWzn5Y/.next/build/chunks/[root-of-the-server]__0v50te1._.js:80:15]
    [at module evaluation (/private/tmp/osmu-v25-build.uWzn5Y/.next/build/chunks/[root-of-the-server]__0v50te1._.js:83:3)]
    at moduleFactory (turbopack:///[turbopack]/nodejs/runtime/build-base.ts:57:5) [/private/tmp/osmu-v25-build.uWzn5Y/.next/build/chunks/[turbopack]_runtime.js:840:9]
    at instantiateModule (turbopack:///[turbopack]/nodejs/runtime/build-base.ts:90:10) [/private/tmp/osmu-v25-build.uWzn5Y/.next/build/chunks/[turbopack]_runtime.js:864:12]
    at getOrInstantiateModuleFromParent (turbopack:///[turbopack]/shared/runtime/runtime-utils.ts:398:18) [/private/tmp/osmu-v25-build.uWzn5Y/.next/build/chunks/[turbopack]_runtime.js:268:20]
    [at /private/tmp/osmu-v25-build.uWzn5Y/.next/build/chunks/[turbopack-node]_transforms_postcss_ts_06e.r3r._.js:8:16]
    [at process.processTicksAndRejections (node:internal/process/task_queues:105:5)]
    at async run (turbopack:///[turbopack-node]/child_process/evaluate.ts:72:20) [/private/tmp/osmu-v25-build.uWzn5Y/.next/build/chunks/[root-of-the-server]__0ubbtyl._.js:427:24]

Import traces:
  App Route:
    ./src/components/studio/EditOutline.module.css
    ./src/app/api/studio/text/route.ts

  Client Component Browser:
    ./src/components/studio/EditOutline.module.css [Client Component Browser]
    ./src/components/studio/EditOutline.tsx [Client Component Browser]
    ./src/components/studio/StudioRooms.tsx [Client Component Browser]
    ./src/app/studio/page.tsx [Client Component Browser]
    ./src/app/studio/page.tsx [Server Component]

  Client Component SSR:
    ./src/components/studio/EditOutline.module.css [Client Component SSR]
    ./src/components/studio/EditOutline.tsx [Client Component SSR]
    ./src/components/studio/StudioRooms.tsx [Client Component SSR]
    ./src/app/studio/page.tsx [Client Component SSR]
    ./src/app/studio/page.tsx [Server Component]


./src/components/studio/EditPreview.module.css
Error evaluating Node.js code
Error: Cannot find module '@vercel/turbopack/postcss'
    [at /private/tmp/osmu-v25-build.uWzn5Y/.next/build/chunks/[root-of-the-server]__0v50te1._.js:80:15]
    [at module evaluation (/private/tmp/osmu-v25-build.uWzn5Y/.next/build/chunks/[root-of-the-server]__0v50te1._.js:83:3)]
    at moduleFactory (turbopack:///[turbopack]/nodejs/runtime/build-base.ts:57:5) [/private/tmp/osmu-v25-build.uWzn5Y/.next/build/chunks/[turbopack]_runtime.js:840:9]
    at instantiateModule (turbopack:///[turbopack]/nodejs/runtime/build-base.ts:90:10) [/private/tmp/osmu-v25-build.uWzn5Y/.next/build/chunks/[turbopack]_runtime.js:864:12]
    at getOrInstantiateModuleFromParent (turbopack:///[turbopack]/shared/runtime/runtime-utils.ts:398:18) [/private/tmp/osmu-v25-build.uWzn5Y/.next/build/chunks/[turbopack]_runtime.js:268:20]
    [at /private/tmp/osmu-v25-build.uWzn5Y/.next/build/chunks/[turbopack-node]_transforms_postcss_ts_06e.r3r._.js:8:16]
    [at process.processTicksAndRejections (node:internal/process/task_queues:105:5)]
    at async run (turbopack:///[turbopack-node]/child_process/evaluate.ts:72:20) [/private/tmp/osmu-v25-build.uWzn5Y/.next/build/chunks/[root-of-the-server]__0ubbtyl._.js:427:24]

Import traces:
  App Route:
    ./src/components/studio/EditPreview.module.css
    ./src/app/api/studio/text/route.ts

  Client Component Browser:
    ./src/components/studio/EditPreview.module.css [Client Component Browser]
    ./src/components/studio/EditPreview.tsx [Client Component Browser]
    ./src/components/studio/StudioRooms.tsx [Client Component Browser]
    ./src/app/studio/page.tsx [Client Component Browser]
    ./src/app/studio/page.tsx [Server Component]

  Client Component SSR:
    ./src/components/studio/EditPreview.module.css [Client Component SSR]
    ./src/components/studio/EditPreview.tsx [Client Component SSR]
    ./src/components/studio/StudioRooms.tsx [Client Component SSR]
    ./src/app/studio/page.tsx [Client Component SSR]
    ./src/app/studio/page.tsx [Server Component]


./src/components/studio/StudioRooms.module.css
Error evaluating Node.js code
Error: Cannot find module '@vercel/turbopack/postcss'
    [at /private/tmp/osmu-v25-build.uWzn5Y/.next/build/chunks/[root-of-the-server]__0v50te1._.js:80:15]
    [at module evaluation (/private/tmp/osmu-v25-build.uWzn5Y/.next/build/chunks/[root-of-the-server]__0v50te1._.js:83:3)]
    at moduleFactory (turbopack:///[turbopack]/nodejs/runtime/build-base.ts:57:5) [/private/tmp/osmu-v25-build.uWzn5Y/.next/build/chunks/[turbopack]_runtime.js:840:9]
    at instantiateModule (turbopack:///[turbopack]/nodejs/runtime/build-base.ts:90:10) [/private/tmp/osmu-v25-build.uWzn5Y/.next/build/chunks/[turbopack]_runtime.js:864:12]
    at getOrInstantiateModuleFromParent (turbopack:///[turbopack]/shared/runtime/runtime-utils.ts:398:18) [/private/tmp/osmu-v25-build.uWzn5Y/.next/build/chunks/[turbopack]_runtime.js:268:20]
    [at /private/tmp/osmu-v25-build.uWzn5Y/.next/build/chunks/[turbopack-node]_transforms_postcss_ts_06e.r3r._.js:8:16]
    [at process.processTicksAndRejections (node:internal/process/task_queues:105:5)]
    at async run (turbopack:///[turbopack-node]/child_process/evaluate.ts:72:20) [/private/tmp/osmu-v25-build.uWzn5Y/.next/build/chunks/[root-of-the-server]__0ubbtyl._.js:427:24]

Import traces:
  App Route:
    ./src/components/studio/StudioRooms.module.css
    ./src/app/api/studio/text/route.ts

  Client Component Browser:
    ./src/components/studio/StudioRooms.module.css [Client Component Browser]
    ./src/components/studio/StudioRooms.tsx [Client Component Browser]
    ./src/app/studio/page.tsx [Client Component Browser]
    ./src/app/studio/page.tsx [Server Component]

  Client Component SSR:
    ./src/components/studio/StudioRooms.module.css [Client Component SSR]
    ./src/components/studio/StudioRooms.tsx [Client Component SSR]
    ./src/app/studio/page.tsx [Client Component SSR]
    ./src/app/studio/page.tsx [Server Component]


./node_modules/twitter-text/dist/esm/isInvalidTweet.js:11:1
Module not found: Can't resolve '@babel/runtime/helpers/defineProperty'
  [90m 9 |[0m [36mimport[0m [32m"core-js/modules/es6.object.to-string"[0m;
  [90m10 |[0m [36mimport[0m [32m"core-js/modules/es6.object.keys"[0m;
[31m[1m>[0m [90m11 |[0m [36mimport[0m _defineProperty [36mfrom[0m [32m"@babel/runtime/helpers/defineProperty"[0m;
  [90m   |[0m [31m[1m^^^^^^^^^^^^^^^^^^^^^^^^^^^^^^^^^^^^^^^^^^^^^^^^^^^^^^^^^^^^^^^^^^^^[0m
  [90m12 |[0m
  [90m13 |[0m [36mfunction[0m ownKeys(object, enumerableOnly) { [36mvar[0m keys = [33mObject[0m.keys(object); [36mif[0m ([33mObject[0m.getO...
  [90m14 |[0m

Symlink [project]/node_modules/node_modules is invalid, it points out of the filesystem root

Debug info:
- Execution of <ModuleAssetContext as AssetContext>::resolve_asset failed
- Execution of resolve failed
- Execution of resolve_internal failed
- Execution of find_package failed
- Symlink [project]/node_modules/node_modules is invalid, it points out of the filesystem root


Import traces:
  App Route:
    ./node_modules/twitter-text/dist/esm/isInvalidTweet.js
    ./node_modules/twitter-text/dist/esm/index.js
    ./src/lib/studio/platform-publish-fields.ts
    ./src/app/api/publish/route.ts

  Client Component Browser:
    ./node_modules/twitter-text/dist/esm/isInvalidTweet.js [Client Component Browser]
    ./node_modules/twitter-text/dist/esm/index.js [Client Component Browser]
    ./src/lib/studio/platform-publish-fields.ts [Client Component Browser]
    ./src/app/studio/page.tsx [Client Component Browser]
    ./src/app/studio/page.tsx [Server Component]

  Client Component SSR:
    ./node_modules/twitter-text/dist/esm/isInvalidTweet.js [Client Component SSR]
    ./node_modules/twitter-text/dist/esm/index.js [Client Component SSR]
    ./src/lib/studio/platform-publish-fields.ts [Client Component SSR]
    ./src/app/studio/page.tsx [Client Component SSR]
    ./src/app/studio/page.tsx [Server Component]

https://nextjs.org/docs/messages/module-not-found


./node_modules/@supabase/supabase-js/dist/index.mjs:5:1
Module not found: Can't resolve '@supabase/auth-js'
  [90m3 |[0m [36mimport[0m { [33mRealtimeClient[0m } [36mfrom[0m [32m"@supabase/realtime-js"[0m;
  [90m4 |[0m [36mimport[0m { [33mStorageApiError[0m, [33mStorageClient[0m } [36mfrom[0m [32m"@supabase/storage-js"[0m;
[31m[1m>[0m [90m5 |[0m [36mimport[0m { [33mAuthClient[0m } [36mfrom[0m [32m"@supabase/auth-js"[0m;
  [90m  |[0m [31m[1m^^^^^^^^^^^^^^^^^^^^^^^^^^^^^^^^^^^^^^^^^^^^^^^[0m
  [90m6 |[0m
  [90m7 |[0m [36mexport[0m * [36mfrom[0m [32m"@supabase/realtime-js"[0m
  [90m8 |[0m

Symlink [project]/node_modules/node_modules is invalid, it points out of the filesystem root

Debug info:
- Execution of <ModuleAssetContext as AssetContext>::resolve_asset failed
- Execution of resolve failed
- Execution of resolve_internal failed
- Execution of find_package failed
- Symlink [project]/node_modules/node_modules is invalid, it points out of the filesystem root


Import traces:
  Middleware:
    ./node_modules/@supabase/supabase-js/dist/index.mjs
    ./src/lib/supabase.ts
    ./src/proxy.ts

  App Route:
    ./node_modules/@supabase/supabase-js/dist/index.mjs
    ./src/lib/supabase.ts
    ./src/lib/studio/generation/identity.ts
    ./src/app/api/studio/v1/shorts-factory/runs/route.ts

  Client Component Browser:
    ./node_modules/@supabase/supabase-js/dist/index.mjs [Client Component Browser]
    ./src/lib/supabase.ts [Client Component Browser]
    ./src/app/login/page.tsx [Client Component Browser]
    ./src/app/login/page.tsx [Server Component]

  Client Component SSR:
    ./node_modules/@supabase/supabase-js/dist/index.mjs [Client Component SSR]
    ./src/lib/supabase.ts [Client Component SSR]
    ./src/app/login/page.tsx [Client Component SSR]
    ./src/app/login/page.tsx [Server Component]

https://nextjs.org/docs/messages/module-not-found


./node_modules/@supabase/supabase-js/dist/index.mjs:9:1
Module not found: Can't resolve '@supabase/auth-js'
  [90m 7 |[0m [36mexport[0m * [36mfrom[0m [32m"@supabase/realtime-js"[0m
  [90m 8 |[0m
[31m[1m>[0m [90m 9 |[0m [36mexport[0m * [36mfrom[0m [32m"@supabase/auth-js"[0m
  [90m   |[0m [31m[1m^^^^^^^^^^^^^^^^^^^^^^^^^^^^^^^^^[0m
  [90m10 |[0m
  [90m11 |[0m [90m//#region src/lib/version.ts[0m
  [90m12 |[0m [36mconst[0m version = [32m"2.108.2"[0m;

Symlink [project]/node_modules/node_modules is invalid, it points out of the filesystem root

Debug info:
- Execution of <ModuleAssetContext as AssetContext>::resolve_asset failed
- Execution of resolve failed
- Execution of resolve_internal failed
- Execution of find_package failed
- Symlink [project]/node_modules/node_modules is invalid, it points out of the filesystem root


Import traces:
  Middleware:
    ./node_modules/@supabase/supabase-js/dist/index.mjs
    ./src/lib/supabase.ts
    ./src/proxy.ts

  App Route:
    ./node_modules/@supabase/supabase-js/dist/index.mjs
    ./src/lib/supabase.ts
    ./src/lib/studio/generation/identity.ts
    ./src/app/api/studio/v1/shorts-factory/runs/route.ts

  Client Component Browser:
    ./node_modules/@supabase/supabase-js/dist/index.mjs [Client Component Browser]
    ./src/lib/supabase.ts [Client Component Browser]
    ./src/app/login/page.tsx [Client Component Browser]
    ./src/app/login/page.tsx [Server Component]

  Client Component SSR:
    ./node_modules/@supabase/supabase-js/dist/index.mjs [Client Component SSR]
    ./src/lib/supabase.ts [Client Component SSR]
    ./src/app/login/page.tsx [Client Component SSR]
    ./src/app/login/page.tsx [Server Component]

https://nextjs.org/docs/messages/module-not-found


./node_modules/@supabase/supabase-js/dist/index.mjs:1:1
Module not found: Can't resolve '@supabase/functions-js'
[31m[1m>[0m [90m1 |[0m ...[33monsClient[0m, [33mFunctionsError[0m, [33mFunctionsFetchError[0m, [33mFunctionsHttpError[0m, [33mFunctionsRelayError[0m ..[36m.[0m
  [90m  |[0m    [31m[1m^^^^^^^^^^^^^^^^^^^^^^^^^^^^^^^^^^^^^^^^^^^^^^^^^^^^^^^^^^^^^^^^^^^^^^^^^^^^^^^^^^^^^^^^^^^[0m
  [90m2 |[0m ...[33mrestError[0m } [36mfrom[0m [32m"@supabase/postgrest-js"[0m;
  [90m3 |[0m ...[32m"@supabase/realtime-js"[0m;
  [90m4 |[0m ...[33mgeClient[0m } [36mfrom[0m [32m"@supabase/storage-js"[0m;

Symlink [project]/node_modules/node_modules is invalid, it points out of the filesystem root

Debug info:
- Execution of <ModuleAssetContext as AssetContext>::resolve_asset failed
- Execution of resolve failed
- Execution of resolve_internal failed
- Execution of find_package failed
- Symlink [project]/node_modules/node_modules is invalid, it points out of the filesystem root


Import traces:
  Middleware:
    ./node_modules/@supabase/supabase-js/dist/index.mjs
    ./src/lib/supabase.ts
    ./src/proxy.ts

  App Route:
    ./node_modules/@supabase/supabase-js/dist/index.mjs
    ./src/lib/supabase.ts
    ./src/lib/studio/generation/identity.ts
    ./src/app/api/studio/v1/shorts-factory/runs/route.ts

  Client Component Browser:
    ./node_modules/@supabase/supabase-js/dist/index.mjs [Client Component Browser]
    ./src/lib/supabase.ts [Client Component Browser]
    ./src/app/login/page.tsx [Client Component Browser]
    ./src/app/login/page.tsx [Server Component]

  Client Component SSR:
    ./node_modules/@supabase/supabase-js/dist/index.mjs [Client Component SSR]
    ./src/lib/supabase.ts [Client Component SSR]
    ./src/app/login/page.tsx [Client Component SSR]
    ./src/app/login/page.tsx [Server Component]

https://nextjs.org/docs/messages/module-not-found


./node_modules/@supabase/supabase-js/dist/index.mjs:2:1
Module not found: Can't resolve '@supabase/postgrest-js'
  [90m1 |[0m [36mimport[0m { [33mFunctionRegion[0m, [33mFunctionsClient[0m, [33mFunctionsError[0m, [33mFunctionsFetchError[0m, [33mFunctionsHtt...[0m
[31m[1m>[0m [90m2 |[0m [36mimport[0m { [33mPostgrestClient[0m, [33mPostgrestError[0m } [36mfrom[0m [32m"@supabase/postgrest-js"[0m;
  [90m  |[0m [31m[1m^^^^^^^^^^^^^^^^^^^^^^^^^^^^^^^^^^^^^^^^^^^^^^^^^^^^^^^^^^^^^^^^^^^^^^^^^[0m
  [90m3 |[0m [36mimport[0m { [33mRealtimeClient[0m } [36mfrom[0m [32m"@supabase/realtime-js"[0m;
  [90m4 |[0m [36mimport[0m { [33mStorageApiError[0m, [33mStorageClient[0m } [36mfrom[0m [32m"@supabase/storage-js"[0m;
  [90m5 |[0m [36mimport[0m { [33mAuthClient[0m } [36mfrom[0m [32m"@supabase/auth-js"[0m;

Symlink [project]/node_modules/node_modules is invalid, it points out of the filesystem root

Debug info:
- Execution of <ModuleAssetContext as AssetContext>::resolve_asset failed
- Execution of resolve failed
- Execution of resolve_internal failed
- Execution of find_package failed
- Symlink [project]/node_modules/node_modules is invalid, it points out of the filesystem root


Import traces:
  Middleware:
    ./node_modules/@supabase/supabase-js/dist/index.mjs
    ./src/lib/supabase.ts
    ./src/proxy.ts

  App Route:
    ./node_modules/@supabase/supabase-js/dist/index.mjs
    ./src/lib/supabase.ts
    ./src/lib/studio/generation/identity.ts
    ./src/app/api/studio/v1/shorts-factory/runs/route.ts

  Client Component Browser:
    ./node_modules/@supabase/supabase-js/dist/index.mjs [Client Component Browser]
    ./src/lib/supabase.ts [Client Component Browser]
    ./src/app/login/page.tsx [Client Component Browser]
    ./src/app/login/page.tsx [Server Component]

  Client Component SSR:
    ./node_modules/@supabase/supabase-js/dist/index.mjs [Client Component SSR]
    ./src/lib/supabase.ts [Client Component SSR]
    ./src/app/login/page.tsx [Client Component SSR]
    ./src/app/login/page.tsx [Server Component]

https://nextjs.org/docs/messages/module-not-found


./node_modules/@supabase/supabase-js/dist/index.mjs:3:1
Module not found: Can't resolve '@supabase/realtime-js'
  [90m1 |[0m [36mimport[0m { [33mFunctionRegion[0m, [33mFunctionsClient[0m, [33mFunctionsError[0m, [33mFunctionsFetchError[0m, [33mFunctionsHtt...[0m
  [90m2 |[0m [36mimport[0m { [33mPostgrestClient[0m, [33mPostgrestError[0m } [36mfrom[0m [32m"@supabase/postgrest-js"[0m;
[31m[1m>[0m [90m3 |[0m [36mimport[0m { [33mRealtimeClient[0m } [36mfrom[0m [32m"@supabase/realtime-js"[0m;
  [90m  |[0m [31m[1m^^^^^^^^^^^^^^^^^^^^^^^^^^^^^^^^^^^^^^^^^^^^^^^^^^^^^^^[0m
  [90m4 |[0m [36mimport[0m { [33mStorageApiError[0m, [33mStorageClient[0m } [36mfrom[0m [32m"@supabase/storage-js"[0m;
  [90m5 |[0m [36mimport[0m { [33mAuthClient[0m } [36mfrom[0m [32m"@supabase/auth-js"[0m;
  [90m6 |[0m

Symlink [project]/node_modules/node_modules is invalid, it points out of the filesystem root

Debug info:
- Execution of <ModuleAssetContext as AssetContext>::resolve_asset failed
- Execution of resolve failed
- Execution of resolve_internal failed
- Execution of find_package failed
- Symlink [project]/node_modules/node_modules is invalid, it points out of the filesystem root


Import traces:
  Middleware:
    ./node_modules/@supabase/supabase-js/dist/index.mjs
    ./src/lib/supabase.ts
    ./src/proxy.ts

  App Route:
    ./node_modules/@supabase/supabase-js/dist/index.mjs
    ./src/lib/supabase.ts
    ./src/lib/studio/generation/identity.ts
    ./src/app/api/studio/v1/shorts-factory/runs/route.ts

  Client Component Browser:
    ./node_modules/@supabase/supabase-js/dist/index.mjs [Client Component Browser]
    ./src/lib/supabase.ts [Client Component Browser]
    ./src/app/login/page.tsx [Client Component Browser]
    ./src/app/login/page.tsx [Server Component]

  Client Component SSR:
    ./node_modules/@supabase/supabase-js/dist/index.mjs [Client Component SSR]
    ./src/lib/supabase.ts [Client Component SSR]
    ./src/app/login/page.tsx [Client Component SSR]
    ./src/app/login/page.tsx [Server Component]

https://nextjs.org/docs/messages/module-not-found


./node_modules/@supabase/supabase-js/dist/index.mjs:7:1
Module not found: Can't resolve '@supabase/realtime-js'
  [90m 5 |[0m [36mimport[0m { [33mAuthClient[0m } [36mfrom[0m [32m"@supabase/auth-js"[0m;
  [90m 6 |[0m
[31m[1m>[0m [90m 7 |[0m [36mexport[0m * [36mfrom[0m [32m"@supabase/realtime-js"[0m
  [90m   |[0m [31m[1m^^^^^^^^^^^^^^^^^^^^^^^^^^^^^^^^^^^^^[0m
  [90m 8 |[0m
  [90m 9 |[0m [36mexport[0m * [36mfrom[0m [32m"@supabase/auth-js"[0m
  [90m10 |[0m

Symlink [project]/node_modules/node_modules is invalid, it points out of the filesystem root

Debug info:
- Execution of <ModuleAssetContext as AssetContext>::resolve_asset failed
- Execution of resolve failed
- Execution of resolve_internal failed
- Execution of find_package failed
- Symlink [project]/node_modules/node_modules is invalid, it points out of the filesystem root


Import traces:
  Middleware:
    ./node_modules/@supabase/supabase-js/dist/index.mjs
    ./src/lib/supabase.ts
    ./src/proxy.ts

  App Route:
    ./node_modules/@supabase/supabase-js/dist/index.mjs
    ./src/lib/supabase.ts
    ./src/lib/studio/generation/identity.ts
    ./src/app/api/studio/v1/shorts-factory/runs/route.ts

  Client Component Browser:
    ./node_modules/@supabase/supabase-js/dist/index.mjs [Client Component Browser]
    ./src/lib/supabase.ts [Client Component Browser]
    ./src/app/login/page.tsx [Client Component Browser]
    ./src/app/login/page.tsx [Server Component]

  Client Component SSR:
    ./node_modules/@supabase/supabase-js/dist/index.mjs [Client Component SSR]
    ./src/lib/supabase.ts [Client Component SSR]
    ./src/app/login/page.tsx [Client Component SSR]
    ./src/app/login/page.tsx [Server Component]

https://nextjs.org/docs/messages/module-not-found


./node_modules/@supabase/supabase-js/dist/index.mjs:4:1
Module not found: Can't resolve '@supabase/storage-js'
  [90m2 |[0m [36mimport[0m { [33mPostgrestClient[0m, [33mPostgrestError[0m } [36mfrom[0m [32m"@supabase/postgrest-js"[0m;
  [90m3 |[0m [36mimport[0m { [33mRealtimeClient[0m } [36mfrom[0m [32m"@supabase/realtime-js"[0m;
[31m[1m>[0m [90m4 |[0m [36mimport[0m { [33mStorageApiError[0m, [33mStorageClient[0m } [36mfrom[0m [32m"@supabase/storage-js"[0m;
  [90m  |[0m [31m[1m^^^^^^^^^^^^^^^^^^^^^^^^^^^^^^^^^^^^^^^^^^^^^^^^^^^^^^^^^^^^^^^^^^^^^^[0m
  [90m5 |[0m [36mimport[0m { [33mAuthClient[0m } [36mfrom[0m [32m"@supabase/auth-js"[0m;
  [90m6 |[0m
  [90m7 |[0m [36mexport[0m * [36mfrom[0m [32m"@supabase/realtime-js"[0m

Symlink [project]/node_modules/node_modules is invalid, it points out of the filesystem root

Debug info:
- Execution of <ModuleAssetContext as AssetContext>::resolve_asset failed
- Execution of resolve failed
- Execution of resolve_internal failed
- Execution of find_package failed
- Symlink [project]/node_modules/node_modules is invalid, it points out of the filesystem root


Import traces:
  Middleware:
    ./node_modules/@supabase/supabase-js/dist/index.mjs
    ./src/lib/supabase.ts
    ./src/proxy.ts

  App Route:
    ./node_modules/@supabase/supabase-js/dist/index.mjs
    ./src/lib/supabase.ts
    ./src/lib/studio/generation/identity.ts
    ./src/app/api/studio/v1/shorts-factory/runs/route.ts

  Client Component Browser:
    ./node_modules/@supabase/supabase-js/dist/index.mjs [Client Component Browser]
    ./src/lib/supabase.ts [Client Component Browser]
    ./src/app/login/page.tsx [Client Component Browser]
    ./src/app/login/page.tsx [Server Component]

  Client Component SSR:
    ./node_modules/@supabase/supabase-js/dist/index.mjs [Client Component SSR]
    ./src/lib/supabase.ts [Client Component SSR]
    ./src/app/login/page.tsx [Client Component SSR]
    ./src/app/login/page.tsx [Server Component]

https://nextjs.org/docs/messages/module-not-found


./node_modules/next/dist/client/app-index.js:11:34
Module not found: Can't resolve '@swc/helpers/_/_interop_require_default'
Symlink [project]/node_modules/node_modules is invalid, it points out of the filesystem root

Debug info:
- Execution of <ModuleAssetContext as AssetContext>::resolve_asset failed
- Execution of resolve failed
- Execution of resolve_internal failed
- Execution of *ResolveResult::is_unresolvable failed
- Execution of *ResolveResult::with_replaced_request_key_pattern failed
- Execution of resolve_internal failed
- Execution of find_package failed
- Symlink [project]/node_modules/node_modules is invalid, it points out of the filesystem root
Import map: aliased to module '@swc/helpers' with subpath '/_/_interop_require_default' inside of [project]/node_modules/next


Import trace:
  Client Component Browser:
    ./node_modules/next/dist/client/app-index.js
    ./node_modules/next/dist/client/app-next-turbopack.js

https://nextjs.org/docs/messages/module-not-found


./node_modules/next/dist/client/components/app-router.js:11:34
Module not found: Can't resolve '@swc/helpers/_/_interop_require_default'
Symlink [project]/node_modules/node_modules is invalid, it points out of the filesystem root

Debug info:
- Execution of <ModuleAssetContext as AssetContext>::resolve_asset failed
- Execution of resolve failed
- Execution of resolve_internal failed
- Execution of *ResolveResult::is_unresolvable failed
- Execution of *ResolveResult::with_replaced_request_key_pattern failed
- Execution of resolve_internal failed
- Execution of find_package failed
- Symlink [project]/node_modules/node_modules is invalid, it points out of the filesystem root
Import map: aliased to module '@swc/helpers' with subpath '/_/_interop_require_default' inside of [project]/node_modules/next


Import trace:
  Client Component Browser:
    ./node_modules/next/dist/client/components/app-router.js
    ./node_modules/next/dist/client/app-index.js
    ./node_modules/next/dist/client/app-next-turbopack.js

https://nextjs.org/docs/messages/module-not-found


./node_modules/next/dist/client/components/builtin/app-error.js:11:34
Module not found: Can't resolve '@swc/helpers/_/_interop_require_default'
Symlink [project]/node_modules/node_modules is invalid, it points out of the filesystem root

Debug info:
- Execution of <ModuleAssetContext as AssetContext>::resolve_asset failed
- Execution of resolve failed
- Execution of resolve_internal failed
- Execution of *ResolveResult::is_unresolvable failed
- Execution of *ResolveResult::with_replaced_request_key_pattern failed
- Execution of resolve_internal failed
- Execution of find_package failed
- Symlink [project]/node_modules/node_modules is invalid, it points out of the filesystem root
Import map: aliased to module '@swc/helpers' with subpath '/_/_interop_require_default' inside of [project]/node_modules/next


https://nextjs.org/docs/messages/module-not-found


./node_modules/next/dist/client/components/builtin/error-styles.js:27:34
Module not found: Can't resolve '@swc/helpers/_/_interop_require_default'
Symlink [project]/node_modules/node_modules is invalid, it points out of the filesystem root

Debug info:
- Execution of <ModuleAssetContext as AssetContext>::resolve_asset failed
- Execution of resolve failed
- Execution of resolve_internal failed
- Execution of *ResolveResult::is_unresolvable failed
- Execution of *ResolveResult::with_replaced_request_key_pattern failed
- Execution of resolve_internal failed
- Execution of find_package failed
- Symlink [project]/node_modules/node_modules is invalid, it points out of the filesystem root
Import map: aliased to module '@swc/helpers' with subpath '/_/_interop_require_default' inside of [project]/node_modules/next


Import traces:
  Server Component:
    ./node_modules/next/dist/client/components/builtin/error-styles.js
    ./node_modules/next/dist/client/components/builtin/app-error.js

  Client Component SSR:
    ./node_modules/next/dist/client/components/builtin/error-styles.js [Client Component SSR]
    ./node_modules/next/dist/client/components/builtin/global-error.js [Client Component SSR]
    ./node_modules/next/dist/client/components/builtin/global-error.js [Server Component]

  Client Component Browser:
    ./node_modules/next/dist/client/components/builtin/error-styles.js
    ./node_modules/next/dist/client/components/builtin/global-error.js
    ./node_modules/next/dist/client/components/app-router.js
    ./node_modules/next/dist/client/app-index.js
    ./node_modules/next/dist/client/app-next-turbopack.js

https://nextjs.org/docs/messages/module-not-found


./node_modules/next/dist/client/components/builtin/global-error.js:14:34
Module not found: Can't resolve '@swc/helpers/_/_interop_require_default'
Symlink [project]/node_modules/node_modules is invalid, it points out of the filesystem root

Debug info:
- Execution of <ModuleAssetContext as AssetContext>::resolve_asset failed
- Execution of resolve failed
- Execution of resolve_internal failed
- Execution of *ResolveResult::is_unresolvable failed
- Execution of *ResolveResult::with_replaced_request_key_pattern failed
- Execution of resolve_internal failed
- Execution of find_package failed
- Symlink [project]/node_modules/node_modules is invalid, it points out of the filesystem root
Import map: aliased to module '@swc/helpers' with subpath '/_/_interop_require_default' inside of [project]/node_modules/next


Import traces:
  Client Component SSR:
    ./node_modules/next/dist/client/components/builtin/global-error.js [Client Component SSR]
    ./node_modules/next/dist/client/components/builtin/global-error.js [Server Component]

  Client Component Browser:
    ./node_modules/next/dist/client/components/builtin/global-error.js
    ./node_modules/next/dist/client/components/app-router.js
    ./node_modules/next/dist/client/app-index.js
    ./node_modules/next/dist/client/app-next-turbopack.js

https://nextjs.org/docs/messages/module-not-found


./node_modules/next/dist/client/components/errors/root-error-boundary.js:12:34
Module not found: Can't resolve '@swc/helpers/_/_interop_require_default'
Symlink [project]/node_modules/node_modules is invalid, it points out of the filesystem root

Debug info:
- Execution of <ModuleAssetContext as AssetContext>::resolve_asset failed
- Execution of resolve failed
- Execution of resolve_internal failed
- Execution of *ResolveResult::is_unresolvable failed
- Execution of *ResolveResult::with_replaced_request_key_pattern failed
- Execution of resolve_internal failed
- Execution of find_package failed
- Symlink [project]/node_modules/node_modules is invalid, it points out of the filesystem root
Import map: aliased to module '@swc/helpers' with subpath '/_/_interop_require_default' inside of [project]/node_modules/next


Import trace:
  Client Component Browser:
    ./node_modules/next/dist/client/components/errors/root-error-boundary.js
    ./node_modules/next/dist/client/components/app-router.js
    ./node_modules/next/dist/client/app-index.js
    ./node_modules/next/dist/client/app-next-turbopack.js

https://nextjs.org/docs/messages/module-not-found


./node_modules/next/dist/client/components/layout-router.js:27:34
Module not found: Can't resolve '@swc/helpers/_/_interop_require_default'
Symlink [project]/node_modules/node_modules is invalid, it points out of the filesystem root

Debug info:
- Execution of <ModuleAssetContext as AssetContext>::resolve_asset failed
- Execution of resolve failed
- Execution of resolve_internal failed
- Execution of *ResolveResult::is_unresolvable failed
- Execution of *ResolveResult::with_replaced_request_key_pattern failed
- Execution of resolve_internal failed
- Execution of find_package failed
- Symlink [project]/node_modules/node_modules is invalid, it points out of the filesystem root
Import map: aliased to module '@swc/helpers' with subpath '/_/_interop_require_default' inside of [project]/node_modules/next


Import trace:
  Client Component Browser:
    ./node_modules/next/dist/client/components/layout-router.js [Client Component Browser]
    ./node_modules/next/dist/esm/client/components/layout-router.js [Server Component]
    ./node_modules/next/dist/esm/server/app-render/entry-base.js [Server Component]

https://nextjs.org/docs/messages/module-not-found


./node_modules/next/dist/client/index.js:36:34
Module not found: Can't resolve '@swc/helpers/_/_interop_require_default'
Symlink [project]/node_modules/node_modules is invalid, it points out of the filesystem root

Debug info:
- Execution of <ModuleAssetContext as AssetContext>::resolve_asset failed
- Execution of resolve failed
- Execution of resolve_internal failed
- Execution of *ResolveResult::is_unresolvable failed
- Execution of *ResolveResult::with_replaced_request_key_pattern failed
- Execution of resolve_internal failed
- Execution of find_package failed
- Symlink [project]/node_modules/node_modules is invalid, it points out of the filesystem root
Import map: aliased to module '@swc/helpers' with subpath '/_/_interop_require_default' inside of [project]/node_modules/next


Import trace:
  Browser:
    ./node_modules/next/dist/client/index.js
    ./node_modules/next/dist/client/next-turbopack.js

https://nextjs.org/docs/messages/module-not-found


./node_modules/next/dist/client/page-loader.js:11:34
Module not found: Can't resolve '@swc/helpers/_/_interop_require_default'
Symlink [project]/node_modules/node_modules is invalid, it points out of the filesystem root

Debug info:
- Execution of <ModuleAssetContext as AssetContext>::resolve_asset failed
- Execution of resolve failed
- Execution of resolve_internal failed
- Execution of *ResolveResult::is_unresolvable failed
- Execution of *ResolveResult::with_replaced_request_key_pattern failed
- Execution of resolve_internal failed
- Execution of find_package failed
- Symlink [project]/node_modules/node_modules is invalid, it points out of the filesystem root
Import map: aliased to module '@swc/helpers' with subpath '/_/_interop_require_default' inside of [project]/node_modules/next


Import trace:
  Browser:
    ./node_modules/next/dist/client/page-loader.js
    ./node_modules/next/dist/client/index.js
    ./node_modules/next/dist/client/next-turbopack.js

https://nextjs.org/docs/messages/module-not-found


./node_modules/next/dist/client/react-client-callbacks/error-boundary-callbacks.js:24:34
Module not found: Can't resolve '@swc/helpers/_/_interop_require_default'
Symlink [project]/node_modules/node_modules is invalid, it points out of the filesystem root

Debug info:
- Execution of <ModuleAssetContext as AssetContext>::resolve_asset failed
- Execution of resolve failed
- Execution of resolve_internal failed
- Execution of *ResolveResult::is_unresolvable failed
- Execution of *ResolveResult::with_replaced_request_key_pattern failed
- Execution of resolve_internal failed
- Execution of find_package failed
- Symlink [project]/node_modules/node_modules is invalid, it points out of the filesystem root
Import map: aliased to module '@swc/helpers' with subpath '/_/_interop_require_default' inside of [project]/node_modules/next


Import trace:
  Client Component Browser:
    ./node_modules/next/dist/client/react-client-callbacks/error-boundary-callbacks.js
    ./node_modules/next/dist/client/app-index.js
    ./node_modules/next/dist/client/app-next-turbopack.js

https://nextjs.org/docs/messages/module-not-found


./node_modules/next/dist/client/react-client-callbacks/on-recoverable-error.js:24:34
Module not found: Can't resolve '@swc/helpers/_/_interop_require_default'
Symlink [project]/node_modules/node_modules is invalid, it points out of the filesystem root

Debug info:
- Execution of <ModuleAssetContext as AssetContext>::resolve_asset failed
- Execution of resolve failed
- Execution of resolve_internal failed
- Execution of *ResolveResult::is_unresolvable failed
- Execution of *ResolveResult::with_replaced_request_key_pattern failed
- Execution of resolve_internal failed
- Execution of find_package failed
- Symlink [project]/node_modules/node_modules is invalid, it points out of the filesystem root
Import map: aliased to module '@swc/helpers' with subpath '/_/_interop_require_default' inside of [project]/node_modules/next


Import traces:
  Client Component Browser:
    ./node_modules/next/dist/client/react-client-callbacks/on-recoverable-error.js
    ./node_modules/next/dist/client/app-next-turbopack.js

  Browser:
    ./node_modules/next/dist/client/react-client-callbacks/on-recoverable-error.js
    ./node_modules/next/dist/client/index.js
    ./node_modules/next/dist/client/next-turbopack.js

https://nextjs.org/docs/messages/module-not-found


./node_modules/next/dist/client/route-announcer.js:23:34
Module not found: Can't resolve '@swc/helpers/_/_interop_require_default'
Symlink [project]/node_modules/node_modules is invalid, it points out of the filesystem root

Debug info:
- Execution of <ModuleAssetContext as AssetContext>::resolve_asset failed
- Execution of resolve failed
- Execution of resolve_internal failed
- Execution of *ResolveResult::is_unresolvable failed
- Execution of *ResolveResult::with_replaced_request_key_pattern failed
- Execution of resolve_internal failed
- Execution of find_package failed
- Symlink [project]/node_modules/node_modules is invalid, it points out of the filesystem root
Import map: aliased to module '@swc/helpers' with subpath '/_/_interop_require_default' inside of [project]/node_modules/next


Import trace:
  Browser:
    ./node_modules/next/dist/client/route-announcer.js
    ./node_modules/next/dist/client/index.js
    ./node_modules/next/dist/client/next-turbopack.js

https://nextjs.org/docs/messages/module-not-found


./node_modules/next/dist/client/route-loader.js:31:34
Module not found: Can't resolve '@swc/helpers/_/_interop_require_default'
Symlink [project]/node_modules/node_modules is invalid, it points out of the filesystem root

Debug info:
- Execution of <ModuleAssetContext as AssetContext>::resolve_asset failed
- Execution of resolve failed
- Execution of resolve_internal failed
- Execution of *ResolveResult::is_unresolvable failed
- Execution of *ResolveResult::with_replaced_request_key_pattern failed
- Execution of resolve_internal failed
- Execution of find_package failed
- Symlink [project]/node_modules/node_modules is invalid, it points out of the filesystem root
Import map: aliased to module '@swc/helpers' with subpath '/_/_interop_require_default' inside of [project]/node_modules/next


Import trace:
  Browser:
    ./node_modules/next/dist/client/route-loader.js
    ./node_modules/next/dist/client/page-loader.js
    ./node_modules/next/dist/client/index.js
    ./node_modules/next/dist/client/next-turbopack.js

https://nextjs.org/docs/messages/module-not-found


./node_modules/next/dist/client/router.js:40:34
Module not found: Can't resolve '@swc/helpers/_/_interop_require_default'
Symlink [project]/node_modules/node_modules is invalid, it points out of the filesystem root

Debug info:
- Execution of <ModuleAssetContext as AssetContext>::resolve_asset failed
- Execution of resolve failed
- Execution of resolve_internal failed
- Execution of *ResolveResult::is_unresolvable failed
- Execution of *ResolveResult::with_replaced_request_key_pattern failed
- Execution of resolve_internal failed
- Execution of find_package failed
- Symlink [project]/node_modules/node_modules is invalid, it points out of the filesystem root
Import map: aliased to module '@swc/helpers' with subpath '/_/_interop_require_default' inside of [project]/node_modules/next


Import trace:
  Browser:
    ./node_modules/next/dist/client/router.js
    ./node_modules/next/dist/client/index.js
    ./node_modules/next/dist/client/next-turbopack.js

https://nextjs.org/docs/messages/module-not-found


./node_modules/next/dist/client/script.js:28:34
Module not found: Can't resolve '@swc/helpers/_/_interop_require_default'
Symlink [project]/node_modules/node_modules is invalid, it points out of the filesystem root

Debug info:
- Execution of <ModuleAssetContext as AssetContext>::resolve_asset failed
- Execution of resolve failed
- Execution of resolve_internal failed
- Execution of *ResolveResult::is_unresolvable failed
- Execution of *ResolveResult::with_replaced_request_key_pattern failed
- Execution of resolve_internal failed
- Execution of find_package failed
- Symlink [project]/node_modules/node_modules is invalid, it points out of the filesystem root
Import map: aliased to module '@swc/helpers' with subpath '/_/_interop_require_default' inside of [project]/node_modules/next


Import trace:
  Browser:
    ./node_modules/next/dist/client/script.js
    ./node_modules/next/dist/client/index.js
    ./node_modules/next/dist/client/next-turbopack.js

https://nextjs.org/docs/messages/module-not-found


./node_modules/next/dist/client/tracing/tracer.js:11:34
Module not found: Can't resolve '@swc/helpers/_/_interop_require_default'
Symlink [project]/node_modules/node_modules is invalid, it points out of the filesystem root

Debug info:
- Execution of <ModuleAssetContext as AssetContext>::resolve_asset failed
- Execution of resolve failed
- Execution of resolve_internal failed
- Execution of *ResolveResult::is_unresolvable failed
- Execution of *ResolveResult::with_replaced_request_key_pattern failed
- Execution of resolve_internal failed
- Execution of find_package failed
- Symlink [project]/node_modules/node_modules is invalid, it points out of the filesystem root
Import map: aliased to module '@swc/helpers' with subpath '/_/_interop_require_default' inside of [project]/node_modules/next


Import trace:
  Browser:
    ./node_modules/next/dist/client/tracing/tracer.js
    ./node_modules/next/dist/client/index.js
    ./node_modules/next/dist/client/next-turbopack.js

https://nextjs.org/docs/messages/module-not-found


./node_modules/next/dist/client/with-router.js:11:34
Module not found: Can't resolve '@swc/helpers/_/_interop_require_default'
Symlink [project]/node_modules/node_modules is invalid, it points out of the filesystem root

Debug info:
- Execution of <ModuleAssetContext as AssetContext>::resolve_asset failed
- Execution of resolve failed
- Execution of resolve_internal failed
- Execution of *ResolveResult::is_unresolvable failed
- Execution of *ResolveResult::with_replaced_request_key_pattern failed
- Execution of resolve_internal failed
- Execution of find_package failed
- Symlink [project]/node_modules/node_modules is invalid, it points out of the filesystem root
Import map: aliased to module '@swc/helpers' with subpath '/_/_interop_require_default' inside of [project]/node_modules/next


Import trace:
  Browser:
    ./node_modules/next/dist/client/with-router.js
    ./node_modules/next/dist/client/router.js
    ./node_modules/next/dist/client/index.js
    ./node_modules/next/dist/client/next-turbopack.js

https://nextjs.org/docs/messages/module-not-found


./node_modules/next/dist/pages/_app.js:11:34
Module not found: Can't resolve '@swc/helpers/_/_interop_require_default'
Symlink [project]/node_modules/node_modules is invalid, it points out of the filesystem root

Debug info:
- Execution of <ModuleAssetContext as AssetContext>::resolve_asset failed
- Execution of resolve failed
- Execution of resolve_internal failed
- Execution of *ResolveResult::is_unresolvable failed
- Execution of *ResolveResult::with_replaced_request_key_pattern failed
- Execution of resolve_internal failed
- Execution of find_package failed
- Symlink [project]/node_modules/node_modules is invalid, it points out of the filesystem root
Import map: aliased to module '@swc/helpers' with subpath '/_/_interop_require_default' inside of [project]/node_modules/next


Import trace:
  Browser:
    ./node_modules/next/dist/pages/_app.js
    ./node_modules/next/dist/client/index.js
    ./node_modules/next/dist/client/next-turbopack.js

https://nextjs.org/docs/messages/module-not-found


./node_modules/next/dist/pages/_error.js:13:34
Module not found: Can't resolve '@swc/helpers/_/_interop_require_default'
Symlink [project]/node_modules/node_modules is invalid, it points out of the filesystem root

Debug info:
- Execution of <ModuleAssetContext as AssetContext>::resolve_asset failed
- Execution of resolve failed
- Execution of resolve_internal failed
- Execution of *ResolveResult::is_unresolvable failed
- Execution of *ResolveResult::with_replaced_request_key_pattern failed
- Execution of resolve_internal failed
- Execution of find_package failed
- Symlink [project]/node_modules/node_modules is invalid, it points out of the filesystem root
Import map: aliased to module '@swc/helpers' with subpath '/_/_interop_require_default' inside of [project]/node_modules/next


Import trace:
  Browser:
    ./node_modules/next/dist/pages/_error.js
    ./node_modules/next/dist/client/index.js
    ./node_modules/next/dist/client/next-turbopack.js

https://nextjs.org/docs/messages/module-not-found


./node_modules/next/dist/shared/lib/app-router-context.shared-runtime.js:36:34
Module not found: Can't resolve '@swc/helpers/_/_interop_require_default'
Symlink [project]/node_modules/node_modules is invalid, it points out of the filesystem root

Debug info:
- Execution of <ModuleAssetContext as AssetContext>::resolve_asset failed
- Execution of resolve failed
- Execution of resolve_internal failed
- Execution of *ResolveResult::is_unresolvable failed
- Execution of *ResolveResult::with_replaced_request_key_pattern failed
- Execution of resolve_internal failed
- Execution of find_package failed
- Symlink [project]/node_modules/node_modules is invalid, it points out of the filesystem root
Import map: aliased to module '@swc/helpers' with subpath '/_/_interop_require_default' inside of [project]/node_modules/next


Import traces:
  Browser:
    ./node_modules/next/dist/shared/lib/app-router-context.shared-runtime.js
    ./node_modules/next/dist/client/index.js
    ./node_modules/next/dist/client/next-turbopack.js

  Client Component Browser:
    ./node_modules/next/dist/shared/lib/app-router-context.shared-runtime.js
    ./node_modules/next/dist/client/app-index.js
    ./node_modules/next/dist/client/app-next-turbopack.js

https://nextjs.org/docs/messages/module-not-found


./node_modules/next/dist/shared/lib/constants.js:291:34
Module not found: Can't resolve '@swc/helpers/_/_interop_require_default'
Symlink [project]/node_modules/node_modules is invalid, it points out of the filesystem root

Debug info:
- Execution of <ModuleAssetContext as AssetContext>::resolve_asset failed
- Execution of resolve failed
- Execution of resolve_internal failed
- Execution of *ResolveResult::is_unresolvable failed
- Execution of *ResolveResult::with_replaced_request_key_pattern failed
- Execution of resolve_internal failed
- Execution of find_package failed
- Symlink [project]/node_modules/node_modules is invalid, it points out of the filesystem root
Import map: aliased to module '@swc/helpers' with subpath '/_/_interop_require_default' inside of [project]/node_modules/next


Import trace:
  Browser:
    ./node_modules/next/dist/shared/lib/constants.js
    ./node_modules/next/dist/client/page-loader.js
    ./node_modules/next/dist/client/index.js
    ./node_modules/next/dist/client/next-turbopack.js

https://nextjs.org/docs/messages/module-not-found


./node_modules/next/dist/shared/lib/head-manager-context.shared-runtime.js:11:34
Module not found: Can't resolve '@swc/helpers/_/_interop_require_default'
Symlink [project]/node_modules/node_modules is invalid, it points out of the filesystem root

Debug info:
- Execution of <ModuleAssetContext as AssetContext>::resolve_asset failed
- Execution of resolve failed
- Execution of resolve_internal failed
- Execution of *ResolveResult::is_unresolvable failed
- Execution of *ResolveResult::with_replaced_request_key_pattern failed
- Execution of resolve_internal failed
- Execution of find_package failed
- Symlink [project]/node_modules/node_modules is invalid, it points out of the filesystem root
Import map: aliased to module '@swc/helpers' with subpath '/_/_interop_require_default' inside of [project]/node_modules/next


Import traces:
  Browser:
    ./node_modules/next/dist/shared/lib/head-manager-context.shared-runtime.js
    ./node_modules/next/dist/client/index.js
    ./node_modules/next/dist/client/next-turbopack.js

  Client Component Browser:
    ./node_modules/next/dist/shared/lib/head-manager-context.shared-runtime.js
    ./node_modules/next/dist/client/app-index.js
    ./node_modules/next/dist/client/app-next-turbopack.js

https://nextjs.org/docs/messages/module-not-found


./node_modules/next/dist/shared/lib/head.js:24:34
Module not found: Can't resolve '@swc/helpers/_/_interop_require_default'
Symlink [project]/node_modules/node_modules is invalid, it points out of the filesystem root

Debug info:
- Execution of <ModuleAssetContext as AssetContext>::resolve_asset failed
- Execution of resolve failed
- Execution of resolve_internal failed
- Execution of *ResolveResult::is_unresolvable failed
- Execution of *ResolveResult::with_replaced_request_key_pattern failed
- Execution of resolve_internal failed
- Execution of find_package failed
- Symlink [project]/node_modules/node_modules is invalid, it points out of the filesystem root
Import map: aliased to module '@swc/helpers' with subpath '/_/_interop_require_default' inside of [project]/node_modules/next


Import trace:
  Browser:
    ./node_modules/next/dist/shared/lib/head.js
    ./node_modules/next/dist/pages/_error.js
    ./node_modules/next/dist/client/index.js
    ./node_modules/next/dist/client/next-turbopack.js

https://nextjs.org/docs/messages/module-not-found


./node_modules/next/dist/shared/lib/image-config-context.shared-runtime.js:11:34
Module not found: Can't resolve '@swc/helpers/_/_interop_require_default'
Symlink [project]/node_modules/node_modules is invalid, it points out of the filesystem root

Debug info:
- Execution of <ModuleAssetContext as AssetContext>::resolve_asset failed
- Execution of resolve failed
- Execution of resolve_internal failed
- Execution of *ResolveResult::is_unresolvable failed
- Execution of *ResolveResult::with_replaced_request_key_pattern failed
- Execution of resolve_internal failed
- Execution of find_package failed
- Symlink [project]/node_modules/node_modules is invalid, it points out of the filesystem root
Import map: aliased to module '@swc/helpers' with subpath '/_/_interop_require_default' inside of [project]/node_modules/next


Import trace:
  Browser:
    ./node_modules/next/dist/shared/lib/image-config-context.shared-runtime.js
    ./node_modules/next/dist/client/index.js
    ./node_modules/next/dist/client/next-turbopack.js

https://nextjs.org/docs/messages/module-not-found


./node_modules/next/dist/shared/lib/router-context.shared-runtime.js:11:34
Module not found: Can't resolve '@swc/helpers/_/_interop_require_default'
Symlink [project]/node_modules/node_modules is invalid, it points out of the filesystem root

Debug info:
- Execution of <ModuleAssetContext as AssetContext>::resolve_asset failed
- Execution of resolve failed
- Execution of resolve_internal failed
- Execution of *ResolveResult::is_unresolvable failed
- Execution of *ResolveResult::with_replaced_request_key_pattern failed
- Execution of resolve_internal failed
- Execution of find_package failed
- Symlink [project]/node_modules/node_modules is invalid, it points out of the filesystem root
Import map: aliased to module '@swc/helpers' with subpath '/_/_interop_require_default' inside of [project]/node_modules/next


Import trace:
  Browser:
    ./node_modules/next/dist/shared/lib/router-context.shared-runtime.js
    ./node_modules/next/dist/client/index.js
    ./node_modules/next/dist/client/next-turbopack.js

https://nextjs.org/docs/messages/module-not-found


./node_modules/next/dist/shared/lib/router/router.js:27:34
Module not found: Can't resolve '@swc/helpers/_/_interop_require_default'
Symlink [project]/node_modules/node_modules is invalid, it points out of the filesystem root

Debug info:
- Execution of <ModuleAssetContext as AssetContext>::resolve_asset failed
- Execution of resolve failed
- Execution of resolve_internal failed
- Execution of *ResolveResult::is_unresolvable failed
- Execution of *ResolveResult::with_replaced_request_key_pattern failed
- Execution of resolve_internal failed
- Execution of find_package failed
- Symlink [project]/node_modules/node_modules is invalid, it points out of the filesystem root
Import map: aliased to module '@swc/helpers' with subpath '/_/_interop_require_default' inside of [project]/node_modules/next


Import trace:
  Browser:
    ./node_modules/next/dist/shared/lib/router/router.js
    ./node_modules/next/dist/client/router.js
    ./node_modules/next/dist/client/index.js
    ./node_modules/next/dist/client/next-turbopack.js

https://nextjs.org/docs/messages/module-not-found


./node_modules/next/dist/client/app-dir/link.js:33:35
Module not found: Can't resolve '@swc/helpers/_/_interop_require_wildcard'
Symlink [project]/node_modules/node_modules is invalid, it points out of the filesystem root

Debug info:
- Execution of <ModuleAssetContext as AssetContext>::resolve_asset failed
- Execution of resolve failed
- Execution of resolve_internal failed
- Execution of *ResolveResult::is_unresolvable failed
- Execution of *ResolveResult::with_replaced_request_key_pattern failed
- Execution of resolve_internal failed
- Execution of find_package failed
- Symlink [project]/node_modules/node_modules is invalid, it points out of the filesystem root
Import map: aliased to module '@swc/helpers' with subpath '/_/_interop_require_wildcard' inside of [project]/node_modules/next


Import traces:
  Client Component Browser:
    ./node_modules/next/dist/client/app-dir/link.js [Client Component Browser]
    ./src/app/learn/page.tsx [Client Component Browser]
    ./src/app/learn/page.tsx [Server Component]

  Client Component SSR:
    ./node_modules/next/dist/client/app-dir/link.js [Client Component SSR]
    ./src/app/learn/page.tsx [Client Component SSR]
    ./src/app/learn/page.tsx [Server Component]

  Server Component:
    ./node_modules/next/dist/client/app-dir/link.js
    ./node_modules/next/dist/client/app-dir/link.react-server.js
    ./src/components/legal/LegalPage.tsx
    ./src/app/terms/page.tsx

https://nextjs.org/docs/messages/module-not-found


./node_modules/next/dist/client/app-dir/link.react-server.js:23:35
Module not found: Can't resolve '@swc/helpers/_/_interop_require_wildcard'
Symlink [project]/node_modules/node_modules is invalid, it points out of the filesystem root

Debug info:
- Execution of <ModuleAssetContext as AssetContext>::resolve_asset failed
- Execution of resolve failed
- Execution of resolve_internal failed
- Execution of *ResolveResult::is_unresolvable failed
- Execution of *ResolveResult::with_replaced_request_key_pattern failed
- Execution of resolve_internal failed
- Execution of find_package failed
- Symlink [project]/node_modules/node_modules is invalid, it points out of the filesystem root
Import map: aliased to module '@swc/helpers' with subpath '/_/_interop_require_wildcard' inside of [project]/node_modules/next


Import trace:
  Server Component:
    ./node_modules/next/dist/client/app-dir/link.react-server.js
    ./src/components/legal/LegalPage.tsx
    ./src/app/terms/page.tsx

https://nextjs.org/docs/messages/module-not-found


./node_modules/next/dist/client/components/app-router.js:12:35
Module not found: Can't resolve '@swc/helpers/_/_interop_require_wildcard'
Symlink [project]/node_modules/node_modules is invalid, it points out of the filesystem root

Debug info:
- Execution of <ModuleAssetContext as AssetContext>::resolve_asset failed
- Execution of resolve failed
- Execution of resolve_internal failed
- Execution of *ResolveResult::is_unresolvable failed
- Execution of *ResolveResult::with_replaced_request_key_pattern failed
- Execution of resolve_internal failed
- Execution of find_package failed
- Symlink [project]/node_modules/node_modules is invalid, it points out of the filesystem root
Import map: aliased to module '@swc/helpers' with subpath '/_/_interop_require_wildcard' inside of [project]/node_modules/next


Import trace:
  Client Component Browser:
    ./node_modules/next/dist/client/components/app-router.js
    ./node_modules/next/dist/client/app-index.js
    ./node_modules/next/dist/client/app-next-turbopack.js

https://nextjs.org/docs/messages/module-not-found


./node_modules/next/dist/client/components/error-boundary.js:24:35
Module not found: Can't resolve '@swc/helpers/_/_interop_require_wildcard'
Symlink [project]/node_modules/node_modules is invalid, it points out of the filesystem root

Debug info:
- Execution of <ModuleAssetContext as AssetContext>::resolve_asset failed
- Execution of resolve failed
- Execution of resolve_internal failed
- Execution of *ResolveResult::is_unresolvable failed
- Execution of *ResolveResult::with_replaced_request_key_pattern failed
- Execution of resolve_internal failed
- Execution of find_package failed
- Symlink [project]/node_modules/node_modules is invalid, it points out of the filesystem root
Import map: aliased to module '@swc/helpers' with subpath '/_/_interop_require_wildcard' inside of [project]/node_modules/next


Import trace:
  Client Component Browser:
    ./node_modules/next/dist/client/components/error-boundary.js
    ./node_modules/next/dist/client/react-client-callbacks/error-boundary-callbacks.js
    ./node_modules/next/dist/client/app-index.js
    ./node_modules/next/dist/client/app-next-turbopack.js

https://nextjs.org/docs/messages/module-not-found


./node_modules/next/dist/client/components/http-access-fallback/error-boundary.js:12:35
Module not found: Can't resolve '@swc/helpers/_/_interop_require_wildcard'
Symlink [project]/node_modules/node_modules is invalid, it points out of the filesystem root

Debug info:
- Execution of <ModuleAssetContext as AssetContext>::resolve_asset failed
- Execution of resolve failed
- Execution of resolve_internal failed
- Execution of *ResolveResult::is_unresolvable failed
- Execution of *ResolveResult::with_replaced_request_key_pattern failed
- Execution of resolve_internal failed
- Execution of find_package failed
- Symlink [project]/node_modules/node_modules is invalid, it points out of the filesystem root
Import map: aliased to module '@swc/helpers' with subpath '/_/_interop_require_wildcard' inside of [project]/node_modules/next


Import trace:
  Client Component Browser:
    ./node_modules/next/dist/client/components/http-access-fallback/error-boundary.js [Client Component Browser]
    ./node_modules/next/dist/esm/client/components/http-access-fallback/error-boundary.js [Server Component]
    ./node_modules/next/dist/esm/server/app-render/entry-base.js [Server Component]

https://nextjs.org/docs/messages/module-not-found


./node_modules/next/dist/client/components/layout-router.js:28:35
Module not found: Can't resolve '@swc/helpers/_/_interop_require_wildcard'
Symlink [project]/node_modules/node_modules is invalid, it points out of the filesystem root

Debug info:
- Execution of <ModuleAssetContext as AssetContext>::resolve_asset failed
- Execution of resolve failed
- Execution of resolve_internal failed
- Execution of *ResolveResult::is_unresolvable failed
- Execution of *ResolveResult::with_replaced_request_key_pattern failed
- Execution of resolve_internal failed
- Execution of find_package failed
- Symlink [project]/node_modules/node_modules is invalid, it points out of the filesystem root
Import map: aliased to module '@swc/helpers' with subpath '/_/_interop_require_wildcard' inside of [project]/node_modules/next


Import trace:
  Client Component Browser:
    ./node_modules/next/dist/client/components/layout-router.js [Client Component Browser]
    ./node_modules/next/dist/esm/client/components/layout-router.js [Server Component]
    ./node_modules/next/dist/esm/server/app-render/entry-base.js [Server Component]

https://nextjs.org/docs/messages/module-not-found


./node_modules/next/dist/client/components/navigation.js:85:35
Module not found: Can't resolve '@swc/helpers/_/_interop_require_wildcard'
Symlink [project]/node_modules/node_modules is invalid, it points out of the filesystem root

Debug info:
- Execution of <ModuleAssetContext as AssetContext>::resolve_asset failed
- Execution of resolve failed
- Execution of resolve_internal failed
- Execution of *ResolveResult::is_unresolvable failed
- Execution of *ResolveResult::with_replaced_request_key_pattern failed
- Execution of resolve_internal failed
- Execution of find_package failed
- Symlink [project]/node_modules/node_modules is invalid, it points out of the filesystem root
Import map: aliased to module '@swc/helpers' with subpath '/_/_interop_require_wildcard' inside of [project]/node_modules/next


Import traces:
  Client Component SSR:
    ./node_modules/next/dist/client/components/navigation.js [Client Component SSR]
    ./node_modules/next/navigation.js [Client Component SSR]
    ./src/app/studio/page.tsx [Client Component SSR]
    ./src/app/studio/page.tsx [Server Component]

  Client Component Browser:
    ./node_modules/next/dist/client/components/navigation.js
    ./node_modules/next/dist/client/components/redirect-boundary.js
    ./node_modules/next/dist/client/components/app-router.js
    ./node_modules/next/dist/client/app-index.js
    ./node_modules/next/dist/client/app-next-turbopack.js

https://nextjs.org/docs/messages/module-not-found


./node_modules/next/dist/client/components/redirect-boundary.js:24:35
Module not found: Can't resolve '@swc/helpers/_/_interop_require_wildcard'
Symlink [project]/node_modules/node_modules is invalid, it points out of the filesystem root

Debug info:
- Execution of <ModuleAssetContext as AssetContext>::resolve_asset failed
- Execution of resolve failed
- Execution of resolve_internal failed
- Execution of *ResolveResult::is_unresolvable failed
- Execution of *ResolveResult::with_replaced_request_key_pattern failed
- Execution of resolve_internal failed
- Execution of find_package failed
- Symlink [project]/node_modules/node_modules is invalid, it points out of the filesystem root
Import map: aliased to module '@swc/helpers' with subpath '/_/_interop_require_wildcard' inside of [project]/node_modules/next


Import trace:
  Client Component Browser:
    ./node_modules/next/dist/client/components/redirect-boundary.js
    ./node_modules/next/dist/client/components/app-router.js
    ./node_modules/next/dist/client/app-index.js
    ./node_modules/next/dist/client/app-next-turbopack.js

https://nextjs.org/docs/messages/module-not-found


./node_modules/next/dist/client/components/render-from-template-context.js:12:35
Module not found: Can't resolve '@swc/helpers/_/_interop_require_wildcard'
Symlink [project]/node_modules/node_modules is invalid, it points out of the filesystem root

Debug info:
- Execution of <ModuleAssetContext as AssetContext>::resolve_asset failed
- Execution of resolve failed
- Execution of resolve_internal failed
- Execution of *ResolveResult::is_unresolvable failed
- Execution of *ResolveResult::with_replaced_request_key_pattern failed
- Execution of resolve_internal failed
- Execution of find_package failed
- Symlink [project]/node_modules/node_modules is invalid, it points out of the filesystem root
Import map: aliased to module '@swc/helpers' with subpath '/_/_interop_require_wildcard' inside of [project]/node_modules/next


Import trace:
  Client Component Browser:
    ./node_modules/next/dist/client/components/render-from-template-context.js [Client Component Browser]
    ./node_modules/next/dist/esm/client/components/render-from-template-context.js [Server Component]
    ./node_modules/next/dist/esm/server/app-render/entry-base.js [Server Component]

https://nextjs.org/docs/messages/module-not-found


./node_modules/next/dist/client/components/use-action-queue.js:31:35
Module not found: Can't resolve '@swc/helpers/_/_interop_require_wildcard'
Symlink [project]/node_modules/node_modules is invalid, it points out of the filesystem root

Debug info:
- Execution of <ModuleAssetContext as AssetContext>::resolve_asset failed
- Execution of resolve failed
- Execution of resolve_internal failed
- Execution of *ResolveResult::is_unresolvable failed
- Execution of *ResolveResult::with_replaced_request_key_pattern failed
- Execution of resolve_internal failed
- Execution of find_package failed
- Symlink [project]/node_modules/node_modules is invalid, it points out of the filesystem root
Import map: aliased to module '@swc/helpers' with subpath '/_/_interop_require_wildcard' inside of [project]/node_modules/next


Import traces:
  Client Component Browser:
    ./node_modules/next/dist/client/components/use-action-queue.js
    ./node_modules/next/dist/client/components/app-router.js
    ./node_modules/next/dist/client/app-index.js
    ./node_modules/next/dist/client/app-next-turbopack.js

  Client Component SSR:
    ./node_modules/next/dist/client/components/use-action-queue.js [Client Component SSR]
    ./node_modules/next/dist/client/components/segment-cache/navigation-testing-lock.js [Client Component SSR]
    ./node_modules/next/dist/client/components/segment-cache/navigation.js [Client Component SSR]
    ./node_modules/next/dist/client/components/segment-cache/cache.js [Client Component SSR]
    ./node_modules/next/dist/client/components/segment-cache/scheduler.js [Client Component SSR]
    ./node_modules/next/dist/client/components/links.js [Client Component SSR]
    ./node_modules/next/dist/client/app-dir/link.js [Client Component SSR]
    ./src/app/learn/page.tsx [Client Component SSR]
    ./src/app/learn/page.tsx [Server Component]

https://nextjs.org/docs/messages/module-not-found


./node_modules/next/dist/client/script.js:29:35
Module not found: Can't resolve '@swc/helpers/_/_interop_require_wildcard'
Symlink [project]/node_modules/node_modules is invalid, it points out of the filesystem root

Debug info:
- Execution of <ModuleAssetContext as AssetContext>::resolve_asset failed
- Execution of resolve failed
- Execution of resolve_internal failed
- Execution of *ResolveResult::is_unresolvable failed
- Execution of *ResolveResult::with_replaced_request_key_pattern failed
- Execution of resolve_internal failed
- Execution of find_package failed
- Symlink [project]/node_modules/node_modules is invalid, it points out of the filesystem root
Import map: aliased to module '@swc/helpers' with subpath '/_/_interop_require_wildcard' inside of [project]/node_modules/next


Import trace:
  Browser:
    ./node_modules/next/dist/client/script.js
    ./node_modules/next/dist/client/index.js
    ./node_modules/next/dist/client/next-turbopack.js

https://nextjs.org/docs/messages/module-not-found


./node_modules/next/dist/shared/lib/head.js:25:35
Module not found: Can't resolve '@swc/helpers/_/_interop_require_wildcard'
Symlink [project]/node_modules/node_modules is invalid, it points out of the filesystem root

Debug info:
- Execution of <ModuleAssetContext as AssetContext>::resolve_asset failed
- Execution of resolve failed
- Execution of resolve_internal failed
- Execution of *ResolveResult::is_unresolvable failed
- Execution of *ResolveResult::with_replaced_request_key_pattern failed
- Execution of resolve_internal failed
- Execution of find_package failed
- Symlink [project]/node_modules/node_modules is invalid, it points out of the filesystem root
Import map: aliased to module '@swc/helpers' with subpath '/_/_interop_require_wildcard' inside of [project]/node_modules/next


Import trace:
  Browser:
    ./node_modules/next/dist/shared/lib/head.js
    ./node_modules/next/dist/pages/_error.js
    ./node_modules/next/dist/client/index.js
    ./node_modules/next/dist/client/next-turbopack.js

https://nextjs.org/docs/messages/module-not-found


./node_modules/next/dist/shared/lib/router/adapters.js:31:35
Module not found: Can't resolve '@swc/helpers/_/_interop_require_wildcard'
Symlink [project]/node_modules/node_modules is invalid, it points out of the filesystem root

Debug info:
- Execution of <ModuleAssetContext as AssetContext>::resolve_asset failed
- Execution of resolve failed
- Execution of resolve_internal failed
- Execution of *ResolveResult::is_unresolvable failed
- Execution of *ResolveResult::with_replaced_request_key_pattern failed
- Execution of resolve_internal failed
- Execution of find_package failed
- Symlink [project]/node_modules/node_modules is invalid, it points out of the filesystem root
Import map: aliased to module '@swc/helpers' with subpath '/_/_interop_require_wildcard' inside of [project]/node_modules/next


Import trace:
  Browser:
    ./node_modules/next/dist/shared/lib/router/adapters.js
    ./node_modules/next/dist/client/index.js
    ./node_modules/next/dist/client/next-turbopack.js

https://nextjs.org/docs/messages/module-not-found


./node_modules/next/dist/shared/lib/router/router.js:28:35
Module not found: Can't resolve '@swc/helpers/_/_interop_require_wildcard'
Symlink [project]/node_modules/node_modules is invalid, it points out of the filesystem root

Debug info:
- Execution of <ModuleAssetContext as AssetContext>::resolve_asset failed
- Execution of resolve failed
- Execution of resolve_internal failed
- Execution of *ResolveResult::is_unresolvable failed
- Execution of *ResolveResult::with_replaced_request_key_pattern failed
- Execution of resolve_internal failed
- Execution of find_package failed
- Symlink [project]/node_modules/node_modules is invalid, it points out of the filesystem root
Import map: aliased to module '@swc/helpers' with subpath '/_/_interop_require_wildcard' inside of [project]/node_modules/next


Import trace:
  Browser:
    ./node_modules/next/dist/shared/lib/router/router.js
    ./node_modules/next/dist/client/router.js
    ./node_modules/next/dist/client/index.js
    ./node_modules/next/dist/client/next-turbopack.js

https://nextjs.org/docs/messages/module-not-found


./node_modules/next/dist/shared/lib/router/utils/format-url.js:48:35
Module not found: Can't resolve '@swc/helpers/_/_interop_require_wildcard'
Symlink [project]/node_modules/node_modules is invalid, it points out of the filesystem root

Debug info:
- Execution of <ModuleAssetContext as AssetContext>::resolve_asset failed
- Execution of resolve failed
- Execution of resolve_internal failed
- Execution of *ResolveResult::is_unresolvable failed
- Execution of *ResolveResult::with_replaced_request_key_pattern failed
- Execution of resolve_internal failed
- Execution of find_package failed
- Symlink [project]/node_modules/node_modules is invalid, it points out of the filesystem root
Import map: aliased to module '@swc/helpers' with subpath '/_/_interop_require_wildcard' inside of [project]/node_modules/next


Import traces:
  Server Component:
    ./node_modules/next/dist/shared/lib/router/utils/format-url.js
    ./node_modules/next/dist/server/server-utils.js
    ./node_modules/next/dist/lib/metadata/get-metadata-route.js

  Client Component Browser:
    ./node_modules/next/dist/shared/lib/router/utils/format-url.js [Client Component Browser]
    ./node_modules/next/dist/client/app-dir/link.js [Client Component Browser]
    ./src/app/learn/page.tsx [Client Component Browser]
    ./src/app/learn/page.tsx [Server Component]

  Client Component SSR:
    ./node_modules/next/dist/shared/lib/router/utils/format-url.js [Client Component SSR]
    ./node_modules/next/dist/client/app-dir/link.js [Client Component SSR]
    ./src/app/learn/page.tsx [Client Component SSR]
    ./src/app/learn/page.tsx [Server Component]

  Browser:
    ./node_modules/next/dist/shared/lib/router/utils/format-url.js
    ./node_modules/next/dist/shared/lib/router/router.js
    ./node_modules/next/dist/client/router.js
    ./node_modules/next/dist/client/index.js
    ./node_modules/next/dist/client/next-turbopack.js

https://nextjs.org/docs/messages/module-not-found


./node_modules/next/dist/shared/lib/server-inserted-html.shared-runtime.js:24:35
Module not found: Can't resolve '@swc/helpers/_/_interop_require_wildcard'
Symlink [project]/node_modules/node_modules is invalid, it points out of the filesystem root

Debug info:
- Execution of <ModuleAssetContext as AssetContext>::resolve_asset failed
- Execution of resolve failed
- Execution of resolve_internal failed
- Execution of *ResolveResult::is_unresolvable failed
- Execution of *ResolveResult::with_replaced_request_key_pattern failed
- Execution of resolve_internal failed
- Execution of find_package failed
- Symlink [project]/node_modules/node_modules is invalid, it points out of the filesystem root
Import map: aliased to module '@swc/helpers' with subpath '/_/_interop_require_wildcard' inside of [project]/node_modules/next


Import trace:
  Client Component Browser:
    ./node_modules/next/dist/shared/lib/server-inserted-html.shared-runtime.js
    ./node_modules/next/dist/client/components/navigation.js
    ./node_modules/next/dist/client/components/redirect-boundary.js
    ./node_modules/next/dist/client/components/app-router.js
    ./node_modules/next/dist/client/app-index.js
    ./node_modules/next/dist/client/app-next-turbopack.js

https://nextjs.org/docs/messages/module-not-found


[turbopack-node]/transforms/postcss.ts:10:1
Module not found: Can't resolve '@vercel/turbopack/postcss'
  [90m 8 |[0m
  [90m 9 |[0m [90m// @ts-ignore[0m
[31m[1m>[0m [90m10 |[0m [36mimport[0m postcss [36mfrom[0m [32m'@vercel/turbopack/postcss'[0m
  [90m   |[0m [31m[1m^^^^^^^^^^^^^^^^^^^^^^^^^^^^^^^^^^^^^^^^^^^^^^^[0m
  [90m11 |[0m [90m// @ts-ignore[0m
  [90m12 |[0m [36mimport[0m importedConfig [36mfrom[0m [32m'CONFIG'[0m
  [90m13 |[0m [36mimport[0m { getReadEnvVariables, toPath, [36mtype[0m [33mTransformIpc[0m } [36mfrom[0m [32m'./transforms'[0m

Symlink [project]/node_modules/node_modules is invalid, it points out of the filesystem root

Debug info:
- Execution of <ModuleAssetContext as AssetContext>::resolve_asset failed
- Execution of resolve failed
- Execution of resolve_internal failed
- Execution of *ResolveResult::is_unresolvable failed
- Execution of *ResolveResult::alternatives failed
- Execution of *ResolveResult::with_replaced_request_key_pattern failed
- Execution of resolve_internal failed
- Execution of find_package failed
- Symlink [project]/node_modules/node_modules is invalid, it points out of the filesystem root
Import map: aliased to module "'postcss'" inside of [project]/ | aliased to module "'postcss'" inside of [project]/node_modules/next


https://nextjs.org/docs/messages/module-not-found


./node_modules/twitter-text/dist/esm/isInvalidTweet.js:5:1
Module not found: Can't resolve 'core-js/modules/es6.array.filter'
  [90m3 |[0m [36mimport[0m [32m"core-js/modules/es7.object.get-own-property-descriptors"[0m;
  [90m4 |[0m [36mimport[0m [32m"core-js/modules/es6.array.for-each"[0m;
[31m[1m>[0m [90m5 |[0m [36mimport[0m [32m"core-js/modules/es6.array.filter"[0m;
  [90m  |[0m [31m[1m^^^^^^^^^^^^^^^^^^^^^^^^^^^^^^^^^^^^^^^^^^[0m
  [90m6 |[0m [36mimport[0m [32m"core-js/modules/es6.symbol"[0m;
  [90m7 |[0m [36mimport[0m [32m"core-js/modules/web.dom.iterable"[0m;
  [90m8 |[0m [36mimport[0m [32m"core-js/modules/es6.array.iterator"[0m;

Symlink [project]/node_modules/node_modules is invalid, it points out of the filesystem root

Debug info:
- Execution of <ModuleAssetContext as AssetContext>::resolve_asset failed
- Execution of resolve failed
- Execution of resolve_internal failed
- Execution of find_package failed
- Symlink [project]/node_modules/node_modules is invalid, it points out of the filesystem root


Import traces:
  App Route:
    ./node_modules/twitter-text/dist/esm/isInvalidTweet.js
    ./node_modules/twitter-text/dist/esm/index.js
    ./src/lib/studio/platform-publish-fields.ts
    ./src/app/api/publish/route.ts

  Client Component Browser:
    ./node_modules/twitter-text/dist/esm/isInvalidTweet.js [Client Component Browser]
    ./node_modules/twitter-text/dist/esm/index.js [Client Component Browser]
    ./src/lib/studio/platform-publish-fields.ts [Client Component Browser]
    ./src/app/studio/page.tsx [Client Component Browser]
    ./src/app/studio/page.tsx [Server Component]

  Client Component SSR:
    ./node_modules/twitter-text/dist/esm/isInvalidTweet.js [Client Component SSR]
    ./node_modules/twitter-text/dist/esm/index.js [Client Component SSR]
    ./src/lib/studio/platform-publish-fields.ts [Client Component SSR]
    ./src/app/studio/page.tsx [Client Component SSR]
    ./src/app/studio/page.tsx [Server Component]

https://nextjs.org/docs/messages/module-not-found


./node_modules/twitter-text/dist/esm/isInvalidTweet.js:4:1
Module not found: Can't resolve 'core-js/modules/es6.array.for-each'
  [90m2 |[0m [36mimport[0m [32m"core-js/modules/es6.object.define-properties"[0m;
  [90m3 |[0m [36mimport[0m [32m"core-js/modules/es7.object.get-own-property-descriptors"[0m;
[31m[1m>[0m [90m4 |[0m [36mimport[0m [32m"core-js/modules/es6.array.for-each"[0m;
  [90m  |[0m [31m[1m^^^^^^^^^^^^^^^^^^^^^^^^^^^^^^^^^^^^^^^^^^^^[0m
  [90m5 |[0m [36mimport[0m [32m"core-js/modules/es6.array.filter"[0m;
  [90m6 |[0m [36mimport[0m [32m"core-js/modules/es6.symbol"[0m;
  [90m7 |[0m [36mimport[0m [32m"core-js/modules/web.dom.iterable"[0m;

Symlink [project]/node_modules/node_modules is invalid, it points out of the filesystem root

Debug info:
- Execution of <ModuleAssetContext as AssetContext>::resolve_asset failed
- Execution of resolve failed
- Execution of resolve_internal failed
- Execution of find_package failed
- Symlink [project]/node_modules/node_modules is invalid, it points out of the filesystem root


Import traces:
  App Route:
    ./node_modules/twitter-text/dist/esm/isInvalidTweet.js
    ./node_modules/twitter-text/dist/esm/index.js
    ./src/lib/studio/platform-publish-fields.ts
    ./src/app/api/publish/route.ts

  Client Component Browser:
    ./node_modules/twitter-text/dist/esm/isInvalidTweet.js [Client Component Browser]
    ./node_modules/twitter-text/dist/esm/index.js [Client Component Browser]
    ./src/lib/studio/platform-publish-fields.ts [Client Component Browser]
    ./src/app/studio/page.tsx [Client Component Browser]
    ./src/app/studio/page.tsx [Server Component]

  Client Component SSR:
    ./node_modules/twitter-text/dist/esm/isInvalidTweet.js [Client Component SSR]
    ./node_modules/twitter-text/dist/esm/index.js [Client Component SSR]
    ./src/lib/studio/platform-publish-fields.ts [Client Component SSR]
    ./src/app/studio/page.tsx [Client Component SSR]
    ./src/app/studio/page.tsx [Server Component]

https://nextjs.org/docs/messages/module-not-found


./node_modules/twitter-text/dist/esm/standardizeIndices.js:2:1
Module not found: Can't resolve 'core-js/modules/es6.array.from'
  [90m1 |[0m [36mimport[0m [32m"core-js/modules/es6.string.iterator"[0m;
[31m[1m>[0m [90m2 |[0m [36mimport[0m [32m"core-js/modules/es6.array.from"[0m;
  [90m  |[0m [31m[1m^^^^^^^^^^^^^^^^^^^^^^^^^^^^^^^^^^^^^^^^[0m
  [90m3 |[0m [36mimport[0m getUnicodeTextLength [36mfrom[0m [32m'./getUnicodeTextLength'[0m;
  [90m4 |[0m [36mexport[0m [36mdefault[0m [36mfunction[0m standardizeIndices(text, startIndex, endIndex) {
  [90m5 |[0m   [36mvar[0m totalUnicodeTextLength = getUnicodeTextLength(text);

Symlink [project]/node_modules/node_modules is invalid, it points out of the filesystem root

Debug info:
- Execution of <ModuleAssetContext as AssetContext>::resolve_asset failed
- Execution of resolve failed
- Execution of resolve_internal failed
- Execution of find_package failed
- Symlink [project]/node_modules/node_modules is invalid, it points out of the filesystem root


Import traces:
  App Route:
    ./node_modules/twitter-text/dist/esm/standardizeIndices.js
    ./node_modules/twitter-text/dist/esm/index.js
    ./src/lib/studio/platform-publish-fields.ts
    ./src/app/api/publish/route.ts

  Client Component Browser:
    ./node_modules/twitter-text/dist/esm/standardizeIndices.js [Client Component Browser]
    ./node_modules/twitter-text/dist/esm/index.js [Client Component Browser]
    ./src/lib/studio/platform-publish-fields.ts [Client Component Browser]
    ./src/app/studio/page.tsx [Client Component Browser]
    ./src/app/studio/page.tsx [Server Component]

  Client Component SSR:
    ./node_modules/twitter-text/dist/esm/standardizeIndices.js [Client Component SSR]
    ./node_modules/twitter-text/dist/esm/index.js [Client Component SSR]
    ./src/lib/studio/platform-publish-fields.ts [Client Component SSR]
    ./src/app/studio/page.tsx [Client Component SSR]
    ./src/app/studio/page.tsx [Server Component]

https://nextjs.org/docs/messages/module-not-found


./node_modules/twitter-text/dist/esm/extractCashtagsWithIndices.js:2:1
Module not found: Can't resolve 'core-js/modules/es6.array.index-of'
  [90m1 |[0m [36mimport[0m [32m"core-js/modules/es6.regexp.replace"[0m;
[31m[1m>[0m [90m2 |[0m [36mimport[0m [32m"core-js/modules/es6.array.index-of"[0m;
  [90m  |[0m [31m[1m^^^^^^^^^^^^^^^^^^^^^^^^^^^^^^^^^^^^^^^^^^^^[0m
  [90m3 |[0m [90m// Copyright 2018 Twitter, Inc.[0m
  [90m4 |[0m [90m// Licensed under the Apache License, Version 2.0[0m
  [90m5 |[0m [90m// http://www.apache.org/licenses/LICENSE-2.0[0m

Symlink [project]/node_modules/node_modules is invalid, it points out of the filesystem root

Debug info:
- Execution of <ModuleAssetContext as AssetContext>::resolve_asset failed
- Execution of resolve failed
- Execution of resolve_internal failed
- Execution of find_package failed
- Symlink [project]/node_modules/node_modules is invalid, it points out of the filesystem root


Import traces:
  App Route:
    ./node_modules/twitter-text/dist/esm/extractCashtagsWithIndices.js
    ./node_modules/twitter-text/dist/esm/index.js
    ./src/lib/studio/platform-publish-fields.ts
    ./src/app/api/publish/route.ts

  Client Component Browser:
    ./node_modules/twitter-text/dist/esm/extractCashtagsWithIndices.js [Client Component Browser]
    ./node_modules/twitter-text/dist/esm/index.js [Client Component Browser]
    ./src/lib/studio/platform-publish-fields.ts [Client Component Browser]
    ./src/app/studio/page.tsx [Client Component Browser]
    ./src/app/studio/page.tsx [Server Component]

  Client Component SSR:
    ./node_modules/twitter-text/dist/esm/extractCashtagsWithIndices.js [Client Component SSR]
    ./node_modules/twitter-text/dist/esm/index.js [Client Component SSR]
    ./src/lib/studio/platform-publish-fields.ts [Client Component SSR]
    ./src/app/studio/page.tsx [Client Component SSR]
    ./src/app/studio/page.tsx [Server Component]

https://nextjs.org/docs/messages/module-not-found


./node_modules/twitter-text/dist/esm/extractUrlsWithIndices.js:1:1
Module not found: Can't resolve 'core-js/modules/es6.array.index-of'
[31m[1m>[0m [90m1 |[0m [36mimport[0m [32m"core-js/modules/es6.array.index-of"[0m;
  [90m  |[0m [31m[1m^^^^^^^^^^^^^^^^^^^^^^^^^^^^^^^^^^^^^^^^^^^^[0m
  [90m2 |[0m [36mimport[0m [32m"core-js/modules/es6.regexp.replace"[0m;
  [90m3 |[0m [36mimport[0m [32m"core-js/modules/es6.regexp.constructor"[0m;
  [90m4 |[0m [36mimport[0m [32m"core-js/modules/es6.regexp.match"[0m;

Symlink [project]/node_modules/node_modules is invalid, it points out of the filesystem root

Debug info:
- Execution of <ModuleAssetContext as AssetContext>::resolve_asset failed
- Execution of resolve failed
- Execution of resolve_internal failed
- Execution of find_package failed
- Symlink [project]/node_modules/node_modules is invalid, it points out of the filesystem root


Import traces:
  App Route:
    ./node_modules/twitter-text/dist/esm/extractUrlsWithIndices.js
    ./node_modules/twitter-text/dist/esm/index.js
    ./src/lib/studio/platform-publish-fields.ts
    ./src/app/api/publish/route.ts

  Client Component Browser:
    ./node_modules/twitter-text/dist/esm/extractUrlsWithIndices.js [Client Component Browser]
    ./node_modules/twitter-text/dist/esm/index.js [Client Component Browser]
    ./src/lib/studio/platform-publish-fields.ts [Client Component Browser]
    ./src/app/studio/page.tsx [Client Component Browser]
    ./src/app/studio/page.tsx [Server Component]

  Client Component SSR:
    ./node_modules/twitter-text/dist/esm/extractUrlsWithIndices.js [Client Component SSR]
    ./node_modules/twitter-text/dist/esm/index.js [Client Component SSR]
    ./src/lib/studio/platform-publish-fields.ts [Client Component SSR]
    ./src/app/studio/page.tsx [Client Component SSR]
    ./src/app/studio/page.tsx [Server Component]

https://nextjs.org/docs/messages/module-not-found


./node_modules/twitter-text/dist/esm/lib/regexSupplant.js:3:1
Module not found: Can't resolve 'core-js/modules/es6.array.index-of'
  [90m1 |[0m [36mimport[0m [32m"core-js/modules/es6.regexp.replace"[0m;
  [90m2 |[0m [36mimport[0m [32m"core-js/modules/es6.regexp.constructor"[0m;
[31m[1m>[0m [90m3 |[0m [36mimport[0m [32m"core-js/modules/es6.array.index-of"[0m;
  [90m  |[0m [31m[1m^^^^^^^^^^^^^^^^^^^^^^^^^^^^^^^^^^^^^^^^^^^^[0m
  [90m4 |[0m [90m// Copyright 2018 Twitter, Inc.[0m
  [90m5 |[0m [90m// Licensed under the Apache License, Version 2.0[0m
  [90m6 |[0m [90m// http://www.apache.org/licenses/LICENSE-2.0[0m

Symlink [project]/node_modules/node_modules is invalid, it points out of the filesystem root

Debug info:
- Execution of <ModuleAssetContext as AssetContext>::resolve_asset failed
- Execution of resolve failed
- Execution of resolve_internal failed
- Execution of find_package failed
- Symlink [project]/node_modules/node_modules is invalid, it points out of the filesystem root


Import traces:
  App Route:
    ./node_modules/twitter-text/dist/esm/lib/regexSupplant.js
    ./node_modules/twitter-text/dist/esm/isValidList.js
    ./node_modules/twitter-text/dist/esm/index.js
    ./src/lib/studio/platform-publish-fields.ts
    ./src/app/api/publish/route.ts

  Client Component Browser:
    ./node_modules/twitter-text/dist/esm/lib/regexSupplant.js [Client Component Browser]
    ./node_modules/twitter-text/dist/esm/isValidList.js [Client Component Browser]
    ./node_modules/twitter-text/dist/esm/index.js [Client Component Browser]
    ./src/lib/studio/platform-publish-fields.ts [Client Component Browser]
    ./src/components/studio/PlatformPreview.tsx [Client Component Browser]
    ./src/components/home/PerformanceRoom.tsx [Client Component Browser]
    ./src/components/home/PerformanceDashboard.tsx [Client Component Browser]
    ./src/app/performance/page.tsx [Client Component Browser]
    ./src/app/performance/page.tsx [Server Component]

  Client Component SSR:
    ./node_modules/twitter-text/dist/esm/lib/regexSupplant.js [Client Component SSR]
    ./node_modules/twitter-text/dist/esm/isValidList.js [Client Component SSR]
    ./node_modules/twitter-text/dist/esm/index.js [Client Component SSR]
    ./src/lib/studio/platform-publish-fields.ts [Client Component SSR]
    ./src/components/studio/PlatformPreview.tsx [Client Component SSR]
    ./src/components/home/PerformanceRoom.tsx [Client Component SSR]
    ./src/components/home/PerformanceDashboard.tsx [Client Component SSR]
    ./src/app/performance/page.tsx [Client Component SSR]
    ./src/app/performance/page.tsx [Server Component]

https://nextjs.org/docs/messages/module-not-found


./node_modules/twitter-text/dist/esm/linkTextWithEntity.js:2:1
Module not found: Can't resolve 'core-js/modules/es6.array.index-of'
  [90m1 |[0m [36mimport[0m [32m"core-js/modules/es6.regexp.match"[0m;
[31m[1m>[0m [90m2 |[0m [36mimport[0m [32m"core-js/modules/es6.array.index-of"[0m;
  [90m  |[0m [31m[1m^^^^^^^^^^^^^^^^^^^^^^^^^^^^^^^^^^^^^^^^^^^^[0m
  [90m3 |[0m [36mimport[0m [32m"core-js/modules/es6.regexp.replace"[0m;
  [90m4 |[0m [90m// Copyright 2018 Twitter, Inc.[0m
  [90m5 |[0m [90m// Licensed under the Apache License, Version 2.0[0m

Symlink [project]/node_modules/node_modules is invalid, it points out of the filesystem root

Debug info:
- Execution of <ModuleAssetContext as AssetContext>::resolve_asset failed
- Execution of resolve failed
- Execution of resolve_internal failed
- Execution of find_package failed
- Symlink [project]/node_modules/node_modules is invalid, it points out of the filesystem root


Import traces:
  App Route:
    ./node_modules/twitter-text/dist/esm/linkTextWithEntity.js
    ./node_modules/twitter-text/dist/esm/index.js
    ./src/lib/studio/platform-publish-fields.ts
    ./src/app/api/publish/route.ts

  Client Component Browser:
    ./node_modules/twitter-text/dist/esm/linkTextWithEntity.js [Client Component Browser]
    ./node_modules/twitter-text/dist/esm/index.js [Client Component Browser]
    ./src/lib/studio/platform-publish-fields.ts [Client Component Browser]
    ./src/app/studio/page.tsx [Client Component Browser]
    ./src/app/studio/page.tsx [Server Component]

  Client Component SSR:
    ./node_modules/twitter-text/dist/esm/linkTextWithEntity.js [Client Component SSR]
    ./node_modules/twitter-text/dist/esm/index.js [Client Component SSR]
    ./src/lib/studio/platform-publish-fields.ts [Client Component SSR]
    ./src/app/studio/page.tsx [Client Component SSR]
    ./src/app/studio/page.tsx [Server Component]

https://nextjs.org/docs/messages/module-not-found


./node_modules/twitter-text/dist/esm/lib/getCharacterWeight.js:1:1
Module not found: Can't resolve 'core-js/modules/es6.array.is-array'
[31m[1m>[0m [90m1 |[0m [36mimport[0m [32m"core-js/modules/es6.array.is-array"[0m;
  [90m  |[0m [31m[1m^^^^^^^^^^^^^^^^^^^^^^^^^^^^^^^^^^^^^^^^^^^^[0m
  [90m2 |[0m
  [90m3 |[0m [90m// Copyright 2018 Twitter, Inc.[0m
  [90m4 |[0m [90m// Licensed under the Apache License, Version 2.0[0m

Symlink [project]/node_modules/node_modules is invalid, it points out of the filesystem root

Debug info:
- Execution of <ModuleAssetContext as AssetContext>::resolve_asset failed
- Execution of resolve failed
- Execution of resolve_internal failed
- Execution of find_package failed
- Symlink [project]/node_modules/node_modules is invalid, it points out of the filesystem root


Import traces:
  App Route:
    ./node_modules/twitter-text/dist/esm/lib/getCharacterWeight.js
    ./node_modules/twitter-text/dist/esm/parseTweet.js
    ./node_modules/twitter-text/dist/esm/index.js
    ./src/lib/studio/platform-publish-fields.ts
    ./src/app/api/publish/route.ts

  Client Component Browser:
    ./node_modules/twitter-text/dist/esm/lib/getCharacterWeight.js [Client Component Browser]
    ./node_modules/twitter-text/dist/esm/parseTweet.js [Client Component Browser]
    ./node_modules/twitter-text/dist/esm/index.js [Client Component Browser]
    ./src/lib/studio/platform-publish-fields.ts [Client Component Browser]
    ./src/app/studio/page.tsx [Client Component Browser]
    ./src/app/studio/page.tsx [Server Component]

  Client Component SSR:
    ./node_modules/twitter-text/dist/esm/lib/getCharacterWeight.js [Client Component SSR]
    ./node_modules/twitter-text/dist/esm/parseTweet.js [Client Component SSR]
    ./node_modules/twitter-text/dist/esm/index.js [Client Component SSR]
    ./src/lib/studio/platform-publish-fields.ts [Client Component SSR]
    ./src/app/studio/page.tsx [Client Component SSR]
    ./src/app/studio/page.tsx [Server Component]

https://nextjs.org/docs/messages/module-not-found


./node_modules/twitter-text/dist/esm/isInvalidTweet.js:8:1
Module not found: Can't resolve 'core-js/modules/es6.array.iterator'
  [90m 6 |[0m [36mimport[0m [32m"core-js/modules/es6.symbol"[0m;
  [90m 7 |[0m [36mimport[0m [32m"core-js/modules/web.dom.iterable"[0m;
[31m[1m>[0m [90m 8 |[0m [36mimport[0m [32m"core-js/modules/es6.array.iterator"[0m;
  [90m   |[0m [31m[1m^^^^^^^^^^^^^^^^^^^^^^^^^^^^^^^^^^^^^^^^^^^^[0m
  [90m 9 |[0m [36mimport[0m [32m"core-js/modules/es6.object.to-string"[0m;
  [90m10 |[0m [36mimport[0m [32m"core-js/modules/es6.object.keys"[0m;
  [90m11 |[0m [36mimport[0m _defineProperty [36mfrom[0m [32m"@babel/runtime/helpers/defineProperty"[0m;

Symlink [project]/node_modules/node_modules is invalid, it points out of the filesystem root

Debug info:
- Execution of <ModuleAssetContext as AssetContext>::resolve_asset failed
- Execution of resolve failed
- Execution of resolve_internal failed
- Execution of find_package failed
- Symlink [project]/node_modules/node_modules is invalid, it points out of the filesystem root


Import traces:
  App Route:
    ./node_modules/twitter-text/dist/esm/isInvalidTweet.js
    ./node_modules/twitter-text/dist/esm/index.js
    ./src/lib/studio/platform-publish-fields.ts
    ./src/app/api/publish/route.ts

  Client Component Browser:
    ./node_modules/twitter-text/dist/esm/isInvalidTweet.js [Client Component Browser]
    ./node_modules/twitter-text/dist/esm/index.js [Client Component Browser]
    ./src/lib/studio/platform-publish-fields.ts [Client Component Browser]
    ./src/app/studio/page.tsx [Client Component Browser]
    ./src/app/studio/page.tsx [Server Component]

  Client Component SSR:
    ./node_modules/twitter-text/dist/esm/isInvalidTweet.js [Client Component SSR]
    ./node_modules/twitter-text/dist/esm/index.js [Client Component SSR]
    ./src/lib/studio/platform-publish-fields.ts [Client Component SSR]
    ./src/app/studio/page.tsx [Client Component SSR]
    ./src/app/studio/page.tsx [Server Component]

https://nextjs.org/docs/messages/module-not-found


./node_modules/twitter-text/dist/esm/parseTweet.js:3:1
Module not found: Can't resolve 'core-js/modules/es6.array.iterator'
  [90m1 |[0m [36mimport[0m [32m"core-js/modules/es6.array.reduce"[0m;
  [90m2 |[0m [36mimport[0m [32m"core-js/modules/web.dom.iterable"[0m;
[31m[1m>[0m [90m3 |[0m [36mimport[0m [32m"core-js/modules/es6.array.iterator"[0m;
  [90m  |[0m [31m[1m^^^^^^^^^^^^^^^^^^^^^^^^^^^^^^^^^^^^^^^^^^^^[0m
  [90m4 |[0m [36mimport[0m [32m"core-js/modules/es6.object.to-string"[0m;
  [90m5 |[0m [36mimport[0m [32m"core-js/modules/es6.object.keys"[0m;
  [90m6 |[0m [90m// Copyright 2018 Twitter, Inc.[0m

Symlink [project]/node_modules/node_modules is invalid, it points out of the filesystem root

Debug info:
- Execution of <ModuleAssetContext as AssetContext>::resolve_asset failed
- Execution of resolve failed
- Execution of resolve_internal failed
- Execution of find_package failed
- Symlink [project]/node_modules/node_modules is invalid, it points out of the filesystem root


Import traces:
  App Route:
    ./node_modules/twitter-text/dist/esm/parseTweet.js
    ./node_modules/twitter-text/dist/esm/index.js
    ./src/lib/studio/platform-publish-fields.ts
    ./src/app/api/publish/route.ts

  Client Component Browser:
    ./node_modules/twitter-text/dist/esm/parseTweet.js [Client Component Browser]
    ./node_modules/twitter-text/dist/esm/index.js [Client Component Browser]
    ./src/lib/studio/platform-publish-fields.ts [Client Component Browser]
    ./src/app/studio/page.tsx [Client Component Browser]
    ./src/app/studio/page.tsx [Server Component]

  Client Component SSR:
    ./node_modules/twitter-text/dist/esm/parseTweet.js [Client Component SSR]
    ./node_modules/twitter-text/dist/esm/index.js [Client Component SSR]
    ./src/lib/studio/platform-publish-fields.ts [Client Component SSR]
    ./src/app/studio/page.tsx [Client Component SSR]
    ./src/app/studio/page.tsx [Server Component]

https://nextjs.org/docs/messages/module-not-found


./node_modules/twitter-text/dist/esm/parseTweet.js:1:1
Module not found: Can't resolve 'core-js/modules/es6.array.reduce'
[31m[1m>[0m [90m1 |[0m [36mimport[0m [32m"core-js/modules/es6.array.reduce"[0m;
  [90m  |[0m [31m[1m^^^^^^^^^^^^^^^^^^^^^^^^^^^^^^^^^^^^^^^^^^[0m
  [90m2 |[0m [36mimport[0m [32m"core-js/modules/web.dom.iterable"[0m;
  [90m3 |[0m [36mimport[0m [32m"core-js/modules/es6.array.iterator"[0m;
  [90m4 |[0m [36mimport[0m [32m"core-js/modules/es6.object.to-string"[0m;

Symlink [project]/node_modules/node_modules is invalid, it points out of the filesystem root

Debug info:
- Execution of <ModuleAssetContext as AssetContext>::resolve_asset failed
- Execution of resolve failed
- Execution of resolve_internal failed
- Execution of find_package failed
- Symlink [project]/node_modules/node_modules is invalid, it points out of the filesystem root


Import traces:
  App Route:
    ./node_modules/twitter-text/dist/esm/parseTweet.js
    ./node_modules/twitter-text/dist/esm/index.js
    ./src/lib/studio/platform-publish-fields.ts
    ./src/app/api/publish/route.ts

  Client Component Browser:
    ./node_modules/twitter-text/dist/esm/parseTweet.js [Client Component Browser]
    ./node_modules/twitter-text/dist/esm/index.js [Client Component Browser]
    ./src/lib/studio/platform-publish-fields.ts [Client Component Browser]
    ./src/app/studio/page.tsx [Client Component Browser]
    ./src/app/studio/page.tsx [Server Component]

  Client Component SSR:
    ./node_modules/twitter-text/dist/esm/parseTweet.js [Client Component SSR]
    ./node_modules/twitter-text/dist/esm/index.js [Client Component SSR]
    ./src/lib/studio/platform-publish-fields.ts [Client Component SSR]
    ./src/app/studio/page.tsx [Client Component SSR]
    ./src/app/studio/page.tsx [Server Component]

https://nextjs.org/docs/messages/module-not-found


./node_modules/twitter-text/dist/esm/autoLinkEntities.js:1:1
Module not found: Can't resolve 'core-js/modules/es6.array.sort'
[31m[1m>[0m [90m1 |[0m [36mimport[0m [32m"core-js/modules/es6.array.sort"[0m;
  [90m  |[0m [31m[1m^^^^^^^^^^^^^^^^^^^^^^^^^^^^^^^^^^^^^^^^[0m
  [90m2 |[0m [90m// Copyright 2018 Twitter, Inc.[0m
  [90m3 |[0m [90m// Licensed under the Apache License, Version 2.0[0m
  [90m4 |[0m [90m// http://www.apache.org/licenses/LICENSE-2.0[0m

Symlink [project]/node_modules/node_modules is invalid, it points out of the filesystem root

Debug info:
- Execution of <ModuleAssetContext as AssetContext>::resolve_asset failed
- Execution of resolve failed
- Execution of resolve_internal failed
- Execution of find_package failed
- Symlink [project]/node_modules/node_modules is invalid, it points out of the filesystem root


Import traces:
  App Route:
    ./node_modules/twitter-text/dist/esm/autoLinkEntities.js
    ./node_modules/twitter-text/dist/esm/index.js
    ./src/lib/studio/platform-publish-fields.ts
    ./src/app/api/publish/route.ts

  Client Component Browser:
    ./node_modules/twitter-text/dist/esm/autoLinkEntities.js [Client Component Browser]
    ./node_modules/twitter-text/dist/esm/index.js [Client Component Browser]
    ./src/lib/studio/platform-publish-fields.ts [Client Component Browser]
    ./src/app/studio/page.tsx [Client Component Browser]
    ./src/app/studio/page.tsx [Server Component]

  Client Component SSR:
    ./node_modules/twitter-text/dist/esm/autoLinkEntities.js [Client Component SSR]
    ./node_modules/twitter-text/dist/esm/index.js [Client Component SSR]
    ./src/lib/studio/platform-publish-fields.ts [Client Component SSR]
    ./src/app/studio/page.tsx [Client Component SSR]
    ./src/app/studio/page.tsx [Server Component]

https://nextjs.org/docs/messages/module-not-found


./node_modules/twitter-text/dist/esm/convertUnicodeIndices.js:1:1
Module not found: Can't resolve 'core-js/modules/es6.array.sort'
[31m[1m>[0m [90m1 |[0m [36mimport[0m [32m"core-js/modules/es6.array.sort"[0m;
  [90m  |[0m [31m[1m^^^^^^^^^^^^^^^^^^^^^^^^^^^^^^^^^^^^^^^^[0m
  [90m2 |[0m [90m// Copyright 2018 Twitter, Inc.[0m
  [90m3 |[0m [90m// Licensed under the Apache License, Version 2.0[0m
  [90m4 |[0m [90m// http://www.apache.org/licenses/LICENSE-2.0[0m

Symlink [project]/node_modules/node_modules is invalid, it points out of the filesystem root

Debug info:
- Execution of <ModuleAssetContext as AssetContext>::resolve_asset failed
- Execution of resolve failed
- Execution of resolve_internal failed
- Execution of find_package failed
- Symlink [project]/node_modules/node_modules is invalid, it points out of the filesystem root


Import traces:
  App Route:
    ./node_modules/twitter-text/dist/esm/convertUnicodeIndices.js
    ./node_modules/twitter-text/dist/esm/index.js
    ./src/lib/studio/platform-publish-fields.ts
    ./src/app/api/publish/route.ts

  Client Component Browser:
    ./node_modules/twitter-text/dist/esm/convertUnicodeIndices.js [Client Component Browser]
    ./node_modules/twitter-text/dist/esm/index.js [Client Component Browser]
    ./src/lib/studio/platform-publish-fields.ts [Client Component Browser]
    ./src/app/studio/page.tsx [Client Component Browser]
    ./src/app/studio/page.tsx [Server Component]

  Client Component SSR:
    ./node_modules/twitter-text/dist/esm/convertUnicodeIndices.js [Client Component SSR]
    ./node_modules/twitter-text/dist/esm/index.js [Client Component SSR]
    ./src/lib/studio/platform-publish-fields.ts [Client Component SSR]
    ./src/app/studio/page.tsx [Client Component SSR]
    ./src/app/studio/page.tsx [Server Component]

https://nextjs.org/docs/messages/module-not-found


./node_modules/twitter-text/dist/esm/lib/convertUnicodeIndices.js:1:1
Module not found: Can't resolve 'core-js/modules/es6.array.sort'
[31m[1m>[0m [90m1 |[0m [36mimport[0m [32m"core-js/modules/es6.array.sort"[0m;
  [90m  |[0m [31m[1m^^^^^^^^^^^^^^^^^^^^^^^^^^^^^^^^^^^^^^^^[0m
  [90m2 |[0m
  [90m3 |[0m [90m// Copyright 2018 Twitter, Inc.[0m
  [90m4 |[0m [90m// Licensed under the Apache License, Version 2.0[0m

Symlink [project]/node_modules/node_modules is invalid, it points out of the filesystem root

Debug info:
- Execution of <ModuleAssetContext as AssetContext>::resolve_asset failed
- Execution of resolve failed
- Execution of resolve_internal failed
- Execution of find_package failed
- Symlink [project]/node_modules/node_modules is invalid, it points out of the filesystem root


Import traces:
  App Route:
    ./node_modules/twitter-text/dist/esm/lib/convertUnicodeIndices.js
    ./node_modules/twitter-text/dist/esm/modifyIndicesFromUnicodeToUTF16.js
    ./node_modules/twitter-text/dist/esm/index.js
    ./src/lib/studio/platform-publish-fields.ts
    ./src/app/api/publish/route.ts

  Client Component Browser:
    ./node_modules/twitter-text/dist/esm/lib/convertUnicodeIndices.js [Client Component Browser]
    ./node_modules/twitter-text/dist/esm/modifyIndicesFromUnicodeToUTF16.js [Client Component Browser]
    ./node_modules/twitter-text/dist/esm/index.js [Client Component Browser]
    ./src/lib/studio/platform-publish-fields.ts [Client Component Browser]
    ./src/app/studio/page.tsx [Client Component Browser]
    ./src/app/studio/page.tsx [Server Component]

  Client Component SSR:
    ./node_modules/twitter-text/dist/esm/lib/convertUnicodeIndices.js [Client Component SSR]
    ./node_modules/twitter-text/dist/esm/modifyIndicesFromUnicodeToUTF16.js [Client Component SSR]
    ./node_modules/twitter-text/dist/esm/index.js [Client Component SSR]
    ./src/lib/studio/platform-publish-fields.ts [Client Component SSR]
    ./src/app/studio/page.tsx [Client Component SSR]
    ./src/app/studio/page.tsx [Server Component]

https://nextjs.org/docs/messages/module-not-found


./node_modules/twitter-text/dist/esm/removeOverlappingEntities.js:1:1
Module not found: Can't resolve 'core-js/modules/es6.array.sort'
[31m[1m>[0m [90m1 |[0m [36mimport[0m [32m"core-js/modules/es6.array.sort"[0m;
  [90m  |[0m [31m[1m^^^^^^^^^^^^^^^^^^^^^^^^^^^^^^^^^^^^^^^^[0m
  [90m2 |[0m [90m// Copyright 2018 Twitter, Inc.[0m
  [90m3 |[0m [90m// Licensed under the Apache License, Version 2.0[0m
  [90m4 |[0m [90m// http://www.apache.org/licenses/LICENSE-2.0[0m

Symlink [project]/node_modules/node_modules is invalid, it points out of the filesystem root

Debug info:
- Execution of <ModuleAssetContext as AssetContext>::resolve_asset failed
- Execution of resolve failed
- Execution of resolve_internal failed
- Execution of find_package failed
- Symlink [project]/node_modules/node_modules is invalid, it points out of the filesystem root


Import traces:
  App Route:
    ./node_modules/twitter-text/dist/esm/removeOverlappingEntities.js
    ./node_modules/twitter-text/dist/esm/index.js
    ./src/lib/studio/platform-publish-fields.ts
    ./src/app/api/publish/route.ts

  Client Component Browser:
    ./node_modules/twitter-text/dist/esm/removeOverlappingEntities.js [Client Component Browser]
    ./node_modules/twitter-text/dist/esm/index.js [Client Component Browser]
    ./src/lib/studio/platform-publish-fields.ts [Client Component Browser]
    ./src/app/studio/page.tsx [Client Component Browser]
    ./src/app/studio/page.tsx [Server Component]

  Client Component SSR:
    ./node_modules/twitter-text/dist/esm/removeOverlappingEntities.js [Client Component SSR]
    ./node_modules/twitter-text/dist/esm/index.js [Client Component SSR]
    ./src/lib/studio/platform-publish-fields.ts [Client Component SSR]
    ./src/app/studio/page.tsx [Client Component SSR]
    ./src/app/studio/page.tsx [Server Component]

https://nextjs.org/docs/messages/module-not-found


./node_modules/twitter-text/dist/esm/tagAttrs.js:2:1
Module not found: Can't resolve 'core-js/modules/es6.date.to-string'
  [90m1 |[0m [36mimport[0m [32m"core-js/modules/es6.regexp.to-string"[0m;
[31m[1m>[0m [90m2 |[0m [36mimport[0m [32m"core-js/modules/es6.date.to-string"[0m;
  [90m  |[0m [31m[1m^^^^^^^^^^^^^^^^^^^^^^^^^^^^^^^^^^^^^^^^^^^^[0m
  [90m3 |[0m [36mimport[0m [32m"core-js/modules/es6.object.to-string"[0m;
  [90m4 |[0m [90m// Copyright 2018 Twitter, Inc.[0m
  [90m5 |[0m [90m// Licensed under the Apache License, Version 2.0[0m

Symlink [project]/node_modules/node_modules is invalid, it points out of the filesystem root

Debug info:
- Execution of <ModuleAssetContext as AssetContext>::resolve_asset failed
- Execution of resolve failed
- Execution of resolve_internal failed
- Execution of find_package failed
- Symlink [project]/node_modules/node_modules is invalid, it points out of the filesystem root


Import traces:
  App Route:
    ./node_modules/twitter-text/dist/esm/tagAttrs.js
    ./node_modules/twitter-text/dist/esm/index.js
    ./src/lib/studio/platform-publish-fields.ts
    ./src/app/api/publish/route.ts

  Client Component Browser:
    ./node_modules/twitter-text/dist/esm/tagAttrs.js [Client Component Browser]
    ./node_modules/twitter-text/dist/esm/index.js [Client Component Browser]
    ./src/lib/studio/platform-publish-fields.ts [Client Component Browser]
    ./src/app/studio/page.tsx [Client Component Browser]
    ./src/app/studio/page.tsx [Server Component]

  Client Component SSR:
    ./node_modules/twitter-text/dist/esm/tagAttrs.js [Client Component SSR]
    ./node_modules/twitter-text/dist/esm/index.js [Client Component SSR]
    ./src/lib/studio/platform-publish-fields.ts [Client Component SSR]
    ./src/app/studio/page.tsx [Client Component SSR]
    ./src/app/studio/page.tsx [Server Component]

https://nextjs.org/docs/messages/module-not-found


./node_modules/twitter-text/dist/esm/isInvalidTweet.js:2:1
Module not found: Can't resolve 'core-js/modules/es6.object.define-properties'
  [90m1 |[0m [36mimport[0m [32m"core-js/modules/es6.object.define-property"[0m;
[31m[1m>[0m [90m2 |[0m [36mimport[0m [32m"core-js/modules/es6.object.define-properties"[0m;
  [90m  |[0m [31m[1m^^^^^^^^^^^^^^^^^^^^^^^^^^^^^^^^^^^^^^^^^^^^^^^^^^^^^^[0m
  [90m3 |[0m [36mimport[0m [32m"core-js/modules/es7.object.get-own-property-descriptors"[0m;
  [90m4 |[0m [36mimport[0m [32m"core-js/modules/es6.array.for-each"[0m;
  [90m5 |[0m [36mimport[0m [32m"core-js/modules/es6.array.filter"[0m;

Symlink [project]/node_modules/node_modules is invalid, it points out of the filesystem root

Debug info:
- Execution of <ModuleAssetContext as AssetContext>::resolve_asset failed
- Execution of resolve failed
- Execution of resolve_internal failed
- Execution of find_package failed
- Symlink [project]/node_modules/node_modules is invalid, it points out of the filesystem root


Import traces:
  App Route:
    ./node_modules/twitter-text/dist/esm/isInvalidTweet.js
    ./node_modules/twitter-text/dist/esm/index.js
    ./src/lib/studio/platform-publish-fields.ts
    ./src/app/api/publish/route.ts

  Client Component Browser:
    ./node_modules/twitter-text/dist/esm/isInvalidTweet.js [Client Component Browser]
    ./node_modules/twitter-text/dist/esm/index.js [Client Component Browser]
    ./src/lib/studio/platform-publish-fields.ts [Client Component Browser]
    ./src/app/studio/page.tsx [Client Component Browser]
    ./src/app/studio/page.tsx [Server Component]

  Client Component SSR:
    ./node_modules/twitter-text/dist/esm/isInvalidTweet.js [Client Component SSR]
    ./node_modules/twitter-text/dist/esm/index.js [Client Component SSR]
    ./src/lib/studio/platform-publish-fields.ts [Client Component SSR]
    ./src/app/studio/page.tsx [Client Component SSR]
    ./src/app/studio/page.tsx [Server Component]

https://nextjs.org/docs/messages/module-not-found


./node_modules/twitter-text/dist/esm/isInvalidTweet.js:1:1
Module not found: Can't resolve 'core-js/modules/es6.object.define-property'
[31m[1m>[0m [90m1 |[0m [36mimport[0m [32m"core-js/modules/es6.object.define-property"[0m;
  [90m  |[0m [31m[1m^^^^^^^^^^^^^^^^^^^^^^^^^^^^^^^^^^^^^^^^^^^^^^^^^^^^[0m
  [90m2 |[0m [36mimport[0m [32m"core-js/modules/es6.object.define-properties"[0m;
  [90m3 |[0m [36mimport[0m [32m"core-js/modules/es7.object.get-own-property-descriptors"[0m;
  [90m4 |[0m [36mimport[0m [32m"core-js/modules/es6.array.for-each"[0m;

Symlink [project]/node_modules/node_modules is invalid, it points out of the filesystem root

Debug info:
- Execution of <ModuleAssetContext as AssetContext>::resolve_asset failed
- Execution of resolve failed
- Execution of resolve_internal failed
- Execution of find_package failed
- Symlink [project]/node_modules/node_modules is invalid, it points out of the filesystem root


Import traces:
  App Route:
    ./node_modules/twitter-text/dist/esm/isInvalidTweet.js
    ./node_modules/twitter-text/dist/esm/index.js
    ./src/lib/studio/platform-publish-fields.ts
    ./src/app/api/publish/route.ts

  Client Component Browser:
    ./node_modules/twitter-text/dist/esm/isInvalidTweet.js [Client Component Browser]
    ./node_modules/twitter-text/dist/esm/index.js [Client Component Browser]
    ./src/lib/studio/platform-publish-fields.ts [Client Component Browser]
    ./src/app/studio/page.tsx [Client Component Browser]
    ./src/app/studio/page.tsx [Server Component]

  Client Component SSR:
    ./node_modules/twitter-text/dist/esm/isInvalidTweet.js [Client Component SSR]
    ./node_modules/twitter-text/dist/esm/index.js [Client Component SSR]
    ./src/lib/studio/platform-publish-fields.ts [Client Component SSR]
    ./src/app/studio/page.tsx [Client Component SSR]
    ./src/app/studio/page.tsx [Server Component]

https://nextjs.org/docs/messages/module-not-found


./node_modules/twitter-text/dist/esm/isInvalidTweet.js:10:1
Module not found: Can't resolve 'core-js/modules/es6.object.keys'
  [90m 8 |[0m [36mimport[0m [32m"core-js/modules/es6.array.iterator"[0m;
  [90m 9 |[0m [36mimport[0m [32m"core-js/modules/es6.object.to-string"[0m;
[31m[1m>[0m [90m10 |[0m [36mimport[0m [32m"core-js/modules/es6.object.keys"[0m;
  [90m   |[0m [31m[1m^^^^^^^^^^^^^^^^^^^^^^^^^^^^^^^^^^^^^^^^^[0m
  [90m11 |[0m [36mimport[0m _defineProperty [36mfrom[0m [32m"@babel/runtime/helpers/defineProperty"[0m;
  [90m12 |[0m
  [90m13 |[0m [36mfunction[0m ownKeys(object, enumerableOnly) { [36mvar[0m keys = [33mObject[0m.keys(object); [36mif[0m ([33mObject[0m.getO...

Symlink [project]/node_modules/node_modules is invalid, it points out of the filesystem root

Debug info:
- Execution of <ModuleAssetContext as AssetContext>::resolve_asset failed
- Execution of resolve failed
- Execution of resolve_internal failed
- Execution of find_package failed
- Symlink [project]/node_modules/node_modules is invalid, it points out of the filesystem root


Import traces:
  App Route:
    ./node_modules/twitter-text/dist/esm/isInvalidTweet.js
    ./node_modules/twitter-text/dist/esm/index.js
    ./src/lib/studio/platform-publish-fields.ts
    ./src/app/api/publish/route.ts

  Client Component Browser:
    ./node_modules/twitter-text/dist/esm/isInvalidTweet.js [Client Component Browser]
    ./node_modules/twitter-text/dist/esm/index.js [Client Component Browser]
    ./src/lib/studio/platform-publish-fields.ts [Client Component Browser]
    ./src/app/studio/page.tsx [Client Component Browser]
    ./src/app/studio/page.tsx [Server Component]

  Client Component SSR:
    ./node_modules/twitter-text/dist/esm/isInvalidTweet.js [Client Component SSR]
    ./node_modules/twitter-text/dist/esm/index.js [Client Component SSR]
    ./src/lib/studio/platform-publish-fields.ts [Client Component SSR]
    ./src/app/studio/page.tsx [Client Component SSR]
    ./src/app/studio/page.tsx [Server Component]

https://nextjs.org/docs/messages/module-not-found


./node_modules/twitter-text/dist/esm/parseTweet.js:5:1
Module not found: Can't resolve 'core-js/modules/es6.object.keys'
  [90m3 |[0m [36mimport[0m [32m"core-js/modules/es6.array.iterator"[0m;
  [90m4 |[0m [36mimport[0m [32m"core-js/modules/es6.object.to-string"[0m;
[31m[1m>[0m [90m5 |[0m [36mimport[0m [32m"core-js/modules/es6.object.keys"[0m;
  [90m  |[0m [31m[1m^^^^^^^^^^^^^^^^^^^^^^^^^^^^^^^^^^^^^^^^^[0m
  [90m6 |[0m [90m// Copyright 2018 Twitter, Inc.[0m
  [90m7 |[0m [90m// Licensed under the Apache License, Version 2.0[0m
  [90m8 |[0m [90m// http://www.apache.org/licenses/LICENSE-2.0[0m

Symlink [project]/node_modules/node_modules is invalid, it points out of the filesystem root

Debug info:
- Execution of <ModuleAssetContext as AssetContext>::resolve_asset failed
- Execution of resolve failed
- Execution of resolve_internal failed
- Execution of find_package failed
- Symlink [project]/node_modules/node_modules is invalid, it points out of the filesystem root


Import traces:
  App Route:
    ./node_modules/twitter-text/dist/esm/parseTweet.js
    ./node_modules/twitter-text/dist/esm/index.js
    ./src/lib/studio/platform-publish-fields.ts
    ./src/app/api/publish/route.ts

  Client Component Browser:
    ./node_modules/twitter-text/dist/esm/parseTweet.js [Client Component Browser]
    ./node_modules/twitter-text/dist/esm/index.js [Client Component Browser]
    ./src/lib/studio/platform-publish-fields.ts [Client Component Browser]
    ./src/app/studio/page.tsx [Client Component Browser]
    ./src/app/studio/page.tsx [Server Component]

  Client Component SSR:
    ./node_modules/twitter-text/dist/esm/parseTweet.js [Client Component SSR]
    ./node_modules/twitter-text/dist/esm/index.js [Client Component SSR]
    ./src/lib/studio/platform-publish-fields.ts [Client Component SSR]
    ./src/app/studio/page.tsx [Client Component SSR]
    ./src/app/studio/page.tsx [Server Component]

https://nextjs.org/docs/messages/module-not-found


./node_modules/twitter-text/dist/esm/isInvalidTweet.js:9:1
Module not found: Can't resolve 'core-js/modules/es6.object.to-string'
  [90m 7 |[0m [36mimport[0m [32m"core-js/modules/web.dom.iterable"[0m;
  [90m 8 |[0m [36mimport[0m [32m"core-js/modules/es6.array.iterator"[0m;
[31m[1m>[0m [90m 9 |[0m [36mimport[0m [32m"core-js/modules/es6.object.to-string"[0m;
  [90m   |[0m [31m[1m^^^^^^^^^^^^^^^^^^^^^^^^^^^^^^^^^^^^^^^^^^^^^^[0m
  [90m10 |[0m [36mimport[0m [32m"core-js/modules/es6.object.keys"[0m;
  [90m11 |[0m [36mimport[0m _defineProperty [36mfrom[0m [32m"@babel/runtime/helpers/defineProperty"[0m;
  [90m12 |[0m

Symlink [project]/node_modules/node_modules is invalid, it points out of the filesystem root

Debug info:
- Execution of <ModuleAssetContext as AssetContext>::resolve_asset failed
- Execution of resolve failed
- Execution of resolve_internal failed
- Execution of find_package failed
- Symlink [project]/node_modules/node_modules is invalid, it points out of the filesystem root


Import traces:
  App Route:
    ./node_modules/twitter-text/dist/esm/isInvalidTweet.js
    ./node_modules/twitter-text/dist/esm/index.js
    ./src/lib/studio/platform-publish-fields.ts
    ./src/app/api/publish/route.ts

  Client Component Browser:
    ./node_modules/twitter-text/dist/esm/isInvalidTweet.js [Client Component Browser]
    ./node_modules/twitter-text/dist/esm/index.js [Client Component Browser]
    ./src/lib/studio/platform-publish-fields.ts [Client Component Browser]
    ./src/app/studio/page.tsx [Client Component Browser]
    ./src/app/studio/page.tsx [Server Component]

  Client Component SSR:
    ./node_modules/twitter-text/dist/esm/isInvalidTweet.js [Client Component SSR]
    ./node_modules/twitter-text/dist/esm/index.js [Client Component SSR]
    ./src/lib/studio/platform-publish-fields.ts [Client Component SSR]
    ./src/app/studio/page.tsx [Client Component SSR]
    ./src/app/studio/page.tsx [Server Component]

https://nextjs.org/docs/messages/module-not-found


./node_modules/twitter-text/dist/esm/parseTweet.js:4:1
Module not found: Can't resolve 'core-js/modules/es6.object.to-string'
  [90m2 |[0m [36mimport[0m [32m"core-js/modules/web.dom.iterable"[0m;
  [90m3 |[0m [36mimport[0m [32m"core-js/modules/es6.array.iterator"[0m;
[31m[1m>[0m [90m4 |[0m [36mimport[0m [32m"core-js/modules/es6.object.to-string"[0m;
  [90m  |[0m [31m[1m^^^^^^^^^^^^^^^^^^^^^^^^^^^^^^^^^^^^^^^^^^^^^^[0m
  [90m5 |[0m [36mimport[0m [32m"core-js/modules/es6.object.keys"[0m;
  [90m6 |[0m [90m// Copyright 2018 Twitter, Inc.[0m
  [90m7 |[0m [90m// Licensed under the Apache License, Version 2.0[0m

Symlink [project]/node_modules/node_modules is invalid, it points out of the filesystem root

Debug info:
- Execution of <ModuleAssetContext as AssetContext>::resolve_asset failed
- Execution of resolve failed
- Execution of resolve_internal failed
- Execution of find_package failed
- Symlink [project]/node_modules/node_modules is invalid, it points out of the filesystem root


Import traces:
  App Route:
    ./node_modules/twitter-text/dist/esm/parseTweet.js
    ./node_modules/twitter-text/dist/esm/index.js
    ./src/lib/studio/platform-publish-fields.ts
    ./src/app/api/publish/route.ts

  Client Component Browser:
    ./node_modules/twitter-text/dist/esm/parseTweet.js [Client Component Browser]
    ./node_modules/twitter-text/dist/esm/index.js [Client Component Browser]
    ./src/lib/studio/platform-publish-fields.ts [Client Component Browser]
    ./src/app/studio/page.tsx [Client Component Browser]
    ./src/app/studio/page.tsx [Server Component]

  Client Component SSR:
    ./node_modules/twitter-text/dist/esm/parseTweet.js [Client Component SSR]
    ./node_modules/twitter-text/dist/esm/index.js [Client Component SSR]
    ./src/lib/studio/platform-publish-fields.ts [Client Component SSR]
    ./src/app/studio/page.tsx [Client Component SSR]
    ./src/app/studio/page.tsx [Server Component]

https://nextjs.org/docs/messages/module-not-found


./node_modules/twitter-text/dist/esm/tagAttrs.js:3:1
Module not found: Can't resolve 'core-js/modules/es6.object.to-string'
  [90m1 |[0m [36mimport[0m [32m"core-js/modules/es6.regexp.to-string"[0m;
  [90m2 |[0m [36mimport[0m [32m"core-js/modules/es6.date.to-string"[0m;
[31m[1m>[0m [90m3 |[0m [36mimport[0m [32m"core-js/modules/es6.object.to-string"[0m;
  [90m  |[0m [31m[1m^^^^^^^^^^^^^^^^^^^^^^^^^^^^^^^^^^^^^^^^^^^^^^[0m
  [90m4 |[0m [90m// Copyright 2018 Twitter, Inc.[0m
  [90m5 |[0m [90m// Licensed under the Apache License, Version 2.0[0m
  [90m6 |[0m [90m// http://www.apache.org/licenses/LICENSE-2.0[0m

Symlink [project]/node_modules/node_modules is invalid, it points out of the filesystem root

Debug info:
- Execution of <ModuleAssetContext as AssetContext>::resolve_asset failed
- Execution of resolve failed
- Execution of resolve_internal failed
- Execution of find_package failed
- Symlink [project]/node_modules/node_modules is invalid, it points out of the filesystem root


Import traces:
  App Route:
    ./node_modules/twitter-text/dist/esm/tagAttrs.js
    ./node_modules/twitter-text/dist/esm/index.js
    ./src/lib/studio/platform-publish-fields.ts
    ./src/app/api/publish/route.ts

  Client Component Browser:
    ./node_modules/twitter-text/dist/esm/tagAttrs.js [Client Component Browser]
    ./node_modules/twitter-text/dist/esm/index.js [Client Component Browser]
    ./src/lib/studio/platform-publish-fields.ts [Client Component Browser]
    ./src/app/studio/page.tsx [Client Component Browser]
    ./src/app/studio/page.tsx [Server Component]

  Client Component SSR:
    ./node_modules/twitter-text/dist/esm/tagAttrs.js [Client Component SSR]
    ./node_modules/twitter-text/dist/esm/index.js [Client Component SSR]
    ./src/lib/studio/platform-publish-fields.ts [Client Component SSR]
    ./src/app/studio/page.tsx [Client Component SSR]
    ./src/app/studio/page.tsx [Server Component]

https://nextjs.org/docs/messages/module-not-found


./node_modules/twitter-text/dist/esm/extractReplies.js:1:1
Module not found: Can't resolve 'core-js/modules/es6.regexp.constructor'
[31m[1m>[0m [90m1 |[0m [36mimport[0m [32m"core-js/modules/es6.regexp.constructor"[0m;
  [90m  |[0m [31m[1m^^^^^^^^^^^^^^^^^^^^^^^^^^^^^^^^^^^^^^^^^^^^^^^^[0m
  [90m2 |[0m [36mimport[0m [32m"core-js/modules/es6.regexp.match"[0m;
  [90m3 |[0m [90m// Copyright 2018 Twitter, Inc.[0m
  [90m4 |[0m [90m// Licensed under the Apache License, Version 2.0[0m

Symlink [project]/node_modules/node_modules is invalid, it points out of the filesystem root

Debug info:
- Execution of <ModuleAssetContext as AssetContext>::resolve_asset failed
- Execution of resolve failed
- Execution of resolve_internal failed
- Execution of find_package failed
- Symlink [project]/node_modules/node_modules is invalid, it points out of the filesystem root


Import traces:
  App Route:
    ./node_modules/twitter-text/dist/esm/extractReplies.js
    ./node_modules/twitter-text/dist/esm/index.js
    ./src/lib/studio/platform-publish-fields.ts
    ./src/app/api/publish/route.ts

  Client Component Browser:
    ./node_modules/twitter-text/dist/esm/extractReplies.js [Client Component Browser]
    ./node_modules/twitter-text/dist/esm/index.js [Client Component Browser]
    ./src/lib/studio/platform-publish-fields.ts [Client Component Browser]
    ./src/app/studio/page.tsx [Client Component Browser]
    ./src/app/studio/page.tsx [Server Component]

  Client Component SSR:
    ./node_modules/twitter-text/dist/esm/extractReplies.js [Client Component SSR]
    ./node_modules/twitter-text/dist/esm/index.js [Client Component SSR]
    ./src/lib/studio/platform-publish-fields.ts [Client Component SSR]
    ./src/app/studio/page.tsx [Client Component SSR]
    ./src/app/studio/page.tsx [Server Component]

https://nextjs.org/docs/messages/module-not-found


./node_modules/twitter-text/dist/esm/extractUrlsWithIndices.js:3:1
Module not found: Can't resolve 'core-js/modules/es6.regexp.constructor'
  [90m1 |[0m [36mimport[0m [32m"core-js/modules/es6.array.index-of"[0m;
  [90m2 |[0m [36mimport[0m [32m"core-js/modules/es6.regexp.replace"[0m;
[31m[1m>[0m [90m3 |[0m [36mimport[0m [32m"core-js/modules/es6.regexp.constructor"[0m;
  [90m  |[0m [31m[1m^^^^^^^^^^^^^^^^^^^^^^^^^^^^^^^^^^^^^^^^^^^^^^^^[0m
  [90m4 |[0m [36mimport[0m [32m"core-js/modules/es6.regexp.match"[0m;
  [90m5 |[0m [90m// Copyright 2018 Twitter, Inc.[0m
  [90m6 |[0m [90m// Licensed under the Apache License, Version 2.0[0m

Symlink [project]/node_modules/node_modules is invalid, it points out of the filesystem root

Debug info:
- Execution of <ModuleAssetContext as AssetContext>::resolve_asset failed
- Execution of resolve failed
- Execution of resolve_internal failed
- Execution of find_package failed
- Symlink [project]/node_modules/node_modules is invalid, it points out of the filesystem root


Import traces:
  App Route:
    ./node_modules/twitter-text/dist/esm/extractUrlsWithIndices.js
    ./node_modules/twitter-text/dist/esm/index.js
    ./src/lib/studio/platform-publish-fields.ts
    ./src/app/api/publish/route.ts

  Client Component Browser:
    ./node_modules/twitter-text/dist/esm/extractUrlsWithIndices.js [Client Component Browser]
    ./node_modules/twitter-text/dist/esm/index.js [Client Component Browser]
    ./src/lib/studio/platform-publish-fields.ts [Client Component Browser]
    ./src/app/studio/page.tsx [Client Component Browser]
    ./src/app/studio/page.tsx [Server Component]

  Client Component SSR:
    ./node_modules/twitter-text/dist/esm/extractUrlsWithIndices.js [Client Component SSR]
    ./node_modules/twitter-text/dist/esm/index.js [Client Component SSR]
    ./src/lib/studio/platform-publish-fields.ts [Client Component SSR]
    ./src/app/studio/page.tsx [Client Component SSR]
    ./src/app/studio/page.tsx [Server Component]

https://nextjs.org/docs/messages/module-not-found


./node_modules/twitter-text/dist/esm/isValidUrl.js:1:1
Module not found: Can't resolve 'core-js/modules/es6.regexp.constructor'
[31m[1m>[0m [90m1 |[0m [36mimport[0m [32m"core-js/modules/es6.regexp.constructor"[0m;
  [90m  |[0m [31m[1m^^^^^^^^^^^^^^^^^^^^^^^^^^^^^^^^^^^^^^^^^^^^^^^^[0m
  [90m2 |[0m [36mimport[0m [32m"core-js/modules/es6.regexp.match"[0m;
  [90m3 |[0m [90m// Copyright 2018 Twitter, Inc.[0m
  [90m4 |[0m [90m// Licensed under the Apache License, Version 2.0[0m

Symlink [project]/node_modules/node_modules is invalid, it points out of the filesystem root

Debug info:
- Execution of <ModuleAssetContext as AssetContext>::resolve_asset failed
- Execution of resolve failed
- Execution of resolve_internal failed
- Execution of find_package failed
- Symlink [project]/node_modules/node_modules is invalid, it points out of the filesystem root


Import traces:
  App Route:
    ./node_modules/twitter-text/dist/esm/isValidUrl.js
    ./node_modules/twitter-text/dist/esm/index.js
    ./src/lib/studio/platform-publish-fields.ts
    ./src/app/api/publish/route.ts

  Client Component Browser:
    ./node_modules/twitter-text/dist/esm/isValidUrl.js [Client Component Browser]
    ./node_modules/twitter-text/dist/esm/index.js [Client Component Browser]
    ./src/lib/studio/platform-publish-fields.ts [Client Component Browser]
    ./src/app/studio/page.tsx [Client Component Browser]
    ./src/app/studio/page.tsx [Server Component]

  Client Component SSR:
    ./node_modules/twitter-text/dist/esm/isValidUrl.js [Client Component SSR]
    ./node_modules/twitter-text/dist/esm/index.js [Client Component SSR]
    ./src/lib/studio/platform-publish-fields.ts [Client Component SSR]
    ./src/app/studio/page.tsx [Client Component SSR]
    ./src/app/studio/page.tsx [Server Component]

https://nextjs.org/docs/messages/module-not-found


./node_modules/twitter-text/dist/esm/lib/regexSupplant.js:2:1
Module not found: Can't resolve 'core-js/modules/es6.regexp.constructor'
  [90m1 |[0m [36mimport[0m [32m"core-js/modules/es6.regexp.replace"[0m;
[31m[1m>[0m [90m2 |[0m [36mimport[0m [32m"core-js/modules/es6.regexp.constructor"[0m;
  [90m  |[0m [31m[1m^^^^^^^^^^^^^^^^^^^^^^^^^^^^^^^^^^^^^^^^^^^^^^^^[0m
  [90m3 |[0m [36mimport[0m [32m"core-js/modules/es6.array.index-of"[0m;
  [90m4 |[0m [90m// Copyright 2018 Twitter, Inc.[0m
  [90m5 |[0m [90m// Licensed under the Apache License, Version 2.0[0m

Symlink [project]/node_modules/node_modules is invalid, it points out of the filesystem root

Debug info:
- Execution of <ModuleAssetContext as AssetContext>::resolve_asset failed
- Execution of resolve failed
- Execution of resolve_internal failed
- Execution of find_package failed
- Symlink [project]/node_modules/node_modules is invalid, it points out of the filesystem root


Import traces:
  App Route:
    ./node_modules/twitter-text/dist/esm/lib/regexSupplant.js
    ./node_modules/twitter-text/dist/esm/isValidList.js
    ./node_modules/twitter-text/dist/esm/index.js
    ./src/lib/studio/platform-publish-fields.ts
    ./src/app/api/publish/route.ts

  Client Component Browser:
    ./node_modules/twitter-text/dist/esm/lib/regexSupplant.js [Client Component Browser]
    ./node_modules/twitter-text/dist/esm/isValidList.js [Client Component Browser]
    ./node_modules/twitter-text/dist/esm/index.js [Client Component Browser]
    ./src/lib/studio/platform-publish-fields.ts [Client Component Browser]
    ./src/components/studio/PlatformPreview.tsx [Client Component Browser]
    ./src/components/home/PerformanceRoom.tsx [Client Component Browser]
    ./src/components/home/PerformanceDashboard.tsx [Client Component Browser]
    ./src/app/performance/page.tsx [Client Component Browser]
    ./src/app/performance/page.tsx [Server Component]

  Client Component SSR:
    ./node_modules/twitter-text/dist/esm/lib/regexSupplant.js [Client Component SSR]
    ./node_modules/twitter-text/dist/esm/isValidList.js [Client Component SSR]
    ./node_modules/twitter-text/dist/esm/index.js [Client Component SSR]
    ./src/lib/studio/platform-publish-fields.ts [Client Component SSR]
    ./src/components/studio/PlatformPreview.tsx [Client Component SSR]
    ./src/components/home/PerformanceRoom.tsx [Client Component SSR]
    ./src/components/home/PerformanceDashboard.tsx [Client Component SSR]
    ./src/app/performance/page.tsx [Client Component SSR]
    ./src/app/performance/page.tsx [Server Component]

https://nextjs.org/docs/messages/module-not-found


./node_modules/twitter-text/dist/esm/regexp/validCCTLD.js:1:1
Module not found: Can't resolve 'core-js/modules/es6.regexp.constructor'
[31m[1m>[0m [90m1 |[0m [36mimport[0m [32m"core-js/modules/es6.regexp.constructor"[0m;
  [90m  |[0m [31m[1m^^^^^^^^^^^^^^^^^^^^^^^^^^^^^^^^^^^^^^^^^^^^^^^^[0m
  [90m2 |[0m [90m// Copyright 2018 Twitter, Inc.[0m
  [90m3 |[0m [90m// Licensed under the Apache License, Version 2.0[0m
  [90m4 |[0m [90m// http://www.apache.org/licenses/LICENSE-2.0[0m

Symlink [project]/node_modules/node_modules is invalid, it points out of the filesystem root

Debug info:
- Execution of <ModuleAssetContext as AssetContext>::resolve_asset failed
- Execution of resolve failed
- Execution of resolve_internal failed
- Execution of find_package failed
- Symlink [project]/node_modules/node_modules is invalid, it points out of the filesystem root


Import traces:
  App Route:
    ./node_modules/twitter-text/dist/esm/regexp/validCCTLD.js
    ./node_modules/twitter-text/dist/esm/regexp/index.js
    ./node_modules/twitter-text/dist/esm/index.js
    ./src/lib/studio/platform-publish-fields.ts
    ./src/app/api/publish/route.ts

  Client Component Browser:
    ./node_modules/twitter-text/dist/esm/regexp/validCCTLD.js [Client Component Browser]
    ./node_modules/twitter-text/dist/esm/regexp/index.js [Client Component Browser]
    ./node_modules/twitter-text/dist/esm/index.js [Client Component Browser]
    ./src/lib/studio/platform-publish-fields.ts [Client Component Browser]
    ./src/app/studio/page.tsx [Client Component Browser]
    ./src/app/studio/page.tsx [Server Component]

  Client Component SSR:
    ./node_modules/twitter-text/dist/esm/regexp/validCCTLD.js [Client Component SSR]
    ./node_modules/twitter-text/dist/esm/regexp/index.js [Client Component SSR]
    ./node_modules/twitter-text/dist/esm/index.js [Client Component SSR]
    ./src/lib/studio/platform-publish-fields.ts [Client Component SSR]
    ./src/app/studio/page.tsx [Client Component SSR]
    ./src/app/studio/page.tsx [Server Component]

https://nextjs.org/docs/messages/module-not-found


./node_modules/twitter-text/dist/esm/regexp/validGTLD.js:1:1
Module not found: Can't resolve 'core-js/modules/es6.regexp.constructor'
[31m[1m>[0m [90m1 |[0m [36mimport[0m [32m"core-js/modules/es6.regexp.constructor"[0m;
  [90m  |[0m [31m[1m^^^^^^^^^^^^^^^^^^^^^^^^^^^^^^^^^^^^^^^^^^^^^^^^[0m
  [90m2 |[0m [90m// Copyright 2018 Twitter, Inc.[0m
  [90m3 |[0m [90m// Licensed under the Apache License, Version 2.0[0m
  [90m4 |[0m [90m// http://www.apache.org/licenses/LICENSE-2.0[0m

Symlink [project]/node_modules/node_modules is invalid, it points out of the filesystem root

Debug info:
- Execution of <ModuleAssetContext as AssetContext>::resolve_asset failed
- Execution of resolve failed
- Execution of resolve_internal failed
- Execution of find_package failed
- Symlink [project]/node_modules/node_modules is invalid, it points out of the filesystem root


Import traces:
  App Route:
    ./node_modules/twitter-text/dist/esm/regexp/validGTLD.js
    ./node_modules/twitter-text/dist/esm/regexp/index.js
    ./node_modules/twitter-text/dist/esm/index.js
    ./src/lib/studio/platform-publish-fields.ts
    ./src/app/api/publish/route.ts

  Client Component Browser:
    ./node_modules/twitter-text/dist/esm/regexp/validGTLD.js [Client Component Browser]
    ./node_modules/twitter-text/dist/esm/regexp/index.js [Client Component Browser]
    ./node_modules/twitter-text/dist/esm/index.js [Client Component Browser]
    ./src/lib/studio/platform-publish-fields.ts [Client Component Browser]
    ./src/app/studio/page.tsx [Client Component Browser]
    ./src/app/studio/page.tsx [Server Component]

  Client Component SSR:
    ./node_modules/twitter-text/dist/esm/regexp/validGTLD.js [Client Component SSR]
    ./node_modules/twitter-text/dist/esm/regexp/index.js [Client Component SSR]
    ./node_modules/twitter-text/dist/esm/index.js [Client Component SSR]
    ./src/lib/studio/platform-publish-fields.ts [Client Component SSR]
    ./src/app/studio/page.tsx [Client Component SSR]
    ./src/app/studio/page.tsx [Server Component]

https://nextjs.org/docs/messages/module-not-found


./node_modules/twitter-text/dist/esm/extractHashtagsWithIndices.js:2:1
Module not found: Can't resolve 'core-js/modules/es6.regexp.match'
  [90m1 |[0m [36mimport[0m [32m"core-js/modules/es6.regexp.replace"[0m;
[31m[1m>[0m [90m2 |[0m [36mimport[0m [32m"core-js/modules/es6.regexp.match"[0m;
  [90m  |[0m [31m[1m^^^^^^^^^^^^^^^^^^^^^^^^^^^^^^^^^^^^^^^^^^[0m
  [90m3 |[0m [90m// Copyright 2018 Twitter, Inc.[0m
  [90m4 |[0m [90m// Licensed under the Apache License, Version 2.0[0m
  [90m5 |[0m [90m// http://www.apache.org/licenses/LICENSE-2.0[0m

Symlink [project]/node_modules/node_modules is invalid, it points out of the filesystem root

Debug info:
- Execution of <ModuleAssetContext as AssetContext>::resolve_asset failed
- Execution of resolve failed
- Execution of resolve_internal failed
- Execution of find_package failed
- Symlink [project]/node_modules/node_modules is invalid, it points out of the filesystem root


Import traces:
  App Route:
    ./node_modules/twitter-text/dist/esm/extractHashtagsWithIndices.js
    ./node_modules/twitter-text/dist/esm/index.js
    ./src/lib/studio/platform-publish-fields.ts
    ./src/app/api/publish/route.ts

  Client Component Browser:
    ./node_modules/twitter-text/dist/esm/extractHashtagsWithIndices.js [Client Component Browser]
    ./node_modules/twitter-text/dist/esm/index.js [Client Component Browser]
    ./src/lib/studio/platform-publish-fields.ts [Client Component Browser]
    ./src/app/studio/page.tsx [Client Component Browser]
    ./src/app/studio/page.tsx [Server Component]

  Client Component SSR:
    ./node_modules/twitter-text/dist/esm/extractHashtagsWithIndices.js [Client Component SSR]
    ./node_modules/twitter-text/dist/esm/index.js [Client Component SSR]
    ./src/lib/studio/platform-publish-fields.ts [Client Component SSR]
    ./src/app/studio/page.tsx [Client Component SSR]
    ./src/app/studio/page.tsx [Server Component]

https://nextjs.org/docs/messages/module-not-found


./node_modules/twitter-text/dist/esm/extractMentionsOrListsWithIndices.js:2:1
Module not found: Can't resolve 'core-js/modules/es6.regexp.match'
  [90m1 |[0m [36mimport[0m [32m"core-js/modules/es6.regexp.replace"[0m;
[31m[1m>[0m [90m2 |[0m [36mimport[0m [32m"core-js/modules/es6.regexp.match"[0m;
  [90m  |[0m [31m[1m^^^^^^^^^^^^^^^^^^^^^^^^^^^^^^^^^^^^^^^^^^[0m
  [90m3 |[0m [90m// Copyright 2018 Twitter, Inc.[0m
  [90m4 |[0m [90m// Licensed under the Apache License, Version 2.0[0m
  [90m5 |[0m [90m// http://www.apache.org/licenses/LICENSE-2.0[0m

Symlink [project]/node_modules/node_modules is invalid, it points out of the filesystem root

Debug info:
- Execution of <ModuleAssetContext as AssetContext>::resolve_asset failed
- Execution of resolve failed
- Execution of resolve_internal failed
- Execution of find_package failed
- Symlink [project]/node_modules/node_modules is invalid, it points out of the filesystem root


Import traces:
  App Route:
    ./node_modules/twitter-text/dist/esm/extractMentionsOrListsWithIndices.js
    ./node_modules/twitter-text/dist/esm/index.js
    ./src/lib/studio/platform-publish-fields.ts
    ./src/lib/publish.ts
    ./src/app/api/schedule/publish-due/route.ts

  Client Component Browser:
    ./node_modules/twitter-text/dist/esm/extractMentionsOrListsWithIndices.js [Client Component Browser]
    ./node_modules/twitter-text/dist/esm/index.js [Client Component Browser]
    ./src/lib/studio/platform-publish-fields.ts [Client Component Browser]
    ./src/app/studio/page.tsx [Client Component Browser]
    ./src/app/studio/page.tsx [Server Component]

  Client Component SSR:
    ./node_modules/twitter-text/dist/esm/extractMentionsOrListsWithIndices.js [Client Component SSR]
    ./node_modules/twitter-text/dist/esm/index.js [Client Component SSR]
    ./src/lib/studio/platform-publish-fields.ts [Client Component SSR]
    ./src/app/studio/page.tsx [Client Component SSR]
    ./src/app/studio/page.tsx [Server Component]

https://nextjs.org/docs/messages/module-not-found


./node_modules/twitter-text/dist/esm/extractReplies.js:2:1
Module not found: Can't resolve 'core-js/modules/es6.regexp.match'
  [90m1 |[0m [36mimport[0m [32m"core-js/modules/es6.regexp.constructor"[0m;
[31m[1m>[0m [90m2 |[0m [36mimport[0m [32m"core-js/modules/es6.regexp.match"[0m;
  [90m  |[0m [31m[1m^^^^^^^^^^^^^^^^^^^^^^^^^^^^^^^^^^^^^^^^^^[0m
  [90m3 |[0m [90m// Copyright 2018 Twitter, Inc.[0m
  [90m4 |[0m [90m// Licensed under the Apache License, Version 2.0[0m
  [90m5 |[0m [90m// http://www.apache.org/licenses/LICENSE-2.0[0m

Symlink [project]/node_modules/node_modules is invalid, it points out of the filesystem root

Debug info:
- Execution of <ModuleAssetContext as AssetContext>::resolve_asset failed
- Execution of resolve failed
- Execution of resolve_internal failed
- Execution of find_package failed
- Symlink [project]/node_modules/node_modules is invalid, it points out of the filesystem root


Import traces:
  App Route:
    ./node_modules/twitter-text/dist/esm/extractReplies.js
    ./node_modules/twitter-text/dist/esm/index.js
    ./src/lib/studio/platform-publish-fields.ts
    ./src/app/api/publish/route.ts

  Client Component Browser:
    ./node_modules/twitter-text/dist/esm/extractReplies.js [Client Component Browser]
    ./node_modules/twitter-text/dist/esm/index.js [Client Component Browser]
    ./src/lib/studio/platform-publish-fields.ts [Client Component Browser]
    ./src/app/studio/page.tsx [Client Component Browser]
    ./src/app/studio/page.tsx [Server Component]

  Client Component SSR:
    ./node_modules/twitter-text/dist/esm/extractReplies.js [Client Component SSR]
    ./node_modules/twitter-text/dist/esm/index.js [Client Component SSR]
    ./src/lib/studio/platform-publish-fields.ts [Client Component SSR]
    ./src/app/studio/page.tsx [Client Component SSR]
    ./src/app/studio/page.tsx [Server Component]

https://nextjs.org/docs/messages/module-not-found


./node_modules/twitter-text/dist/esm/extractUrlsWithIndices.js:4:1
Module not found: Can't resolve 'core-js/modules/es6.regexp.match'
  [90m2 |[0m [36mimport[0m [32m"core-js/modules/es6.regexp.replace"[0m;
  [90m3 |[0m [36mimport[0m [32m"core-js/modules/es6.regexp.constructor"[0m;
[31m[1m>[0m [90m4 |[0m [36mimport[0m [32m"core-js/modules/es6.regexp.match"[0m;
  [90m  |[0m [31m[1m^^^^^^^^^^^^^^^^^^^^^^^^^^^^^^^^^^^^^^^^^^[0m
  [90m5 |[0m [90m// Copyright 2018 Twitter, Inc.[0m
  [90m6 |[0m [90m// Licensed under the Apache License, Version 2.0[0m
  [90m7 |[0m [90m// http://www.apache.org/licenses/LICENSE-2.0[0m

Symlink [project]/node_modules/node_modules is invalid, it points out of the filesystem root

Debug info:
- Execution of <ModuleAssetContext as AssetContext>::resolve_asset failed
- Execution of resolve failed
- Execution of resolve_internal failed
- Execution of find_package failed
- Symlink [project]/node_modules/node_modules is invalid, it points out of the filesystem root


Import traces:
  App Route:
    ./node_modules/twitter-text/dist/esm/extractUrlsWithIndices.js
    ./node_modules/twitter-text/dist/esm/index.js
    ./src/lib/studio/platform-publish-fields.ts
    ./src/app/api/publish/route.ts

  Client Component Browser:
    ./node_modules/twitter-text/dist/esm/extractUrlsWithIndices.js [Client Component Browser]
    ./node_modules/twitter-text/dist/esm/index.js [Client Component Browser]
    ./src/lib/studio/platform-publish-fields.ts [Client Component Browser]
    ./src/app/studio/page.tsx [Client Component Browser]
    ./src/app/studio/page.tsx [Server Component]

  Client Component SSR:
    ./node_modules/twitter-text/dist/esm/extractUrlsWithIndices.js [Client Component SSR]
    ./node_modules/twitter-text/dist/esm/index.js [Client Component SSR]
    ./src/lib/studio/platform-publish-fields.ts [Client Component SSR]
    ./src/app/studio/page.tsx [Client Component SSR]
    ./src/app/studio/page.tsx [Server Component]

https://nextjs.org/docs/messages/module-not-found


./node_modules/twitter-text/dist/esm/isValidList.js:1:1
Module not found: Can't resolve 'core-js/modules/es6.regexp.match'
[31m[1m>[0m [90m1 |[0m [36mimport[0m [32m"core-js/modules/es6.regexp.match"[0m;
  [90m  |[0m [31m[1m^^^^^^^^^^^^^^^^^^^^^^^^^^^^^^^^^^^^^^^^^^[0m
  [90m2 |[0m [90m// Copyright 2018 Twitter, Inc.[0m
  [90m3 |[0m [90m// Licensed under the Apache License, Version 2.0[0m
  [90m4 |[0m [90m// http://www.apache.org/licenses/LICENSE-2.0[0m

Symlink [project]/node_modules/node_modules is invalid, it points out of the filesystem root

Debug info:
- Execution of <ModuleAssetContext as AssetContext>::resolve_asset failed
- Execution of resolve failed
- Execution of resolve_internal failed
- Execution of find_package failed
- Symlink [project]/node_modules/node_modules is invalid, it points out of the filesystem root


Import traces:
  App Route:
    ./node_modules/twitter-text/dist/esm/isValidList.js
    ./node_modules/twitter-text/dist/esm/index.js
    ./src/lib/studio/platform-publish-fields.ts
    ./src/app/api/publish/route.ts

  Client Component Browser:
    ./node_modules/twitter-text/dist/esm/isValidList.js [Client Component Browser]
    ./node_modules/twitter-text/dist/esm/index.js [Client Component Browser]
    ./src/lib/studio/platform-publish-fields.ts [Client Component Browser]
    ./src/app/studio/page.tsx [Client Component Browser]
    ./src/app/studio/page.tsx [Server Component]

  Client Component SSR:
    ./node_modules/twitter-text/dist/esm/isValidList.js [Client Component SSR]
    ./node_modules/twitter-text/dist/esm/index.js [Client Component SSR]
    ./src/lib/studio/platform-publish-fields.ts [Client Component SSR]
    ./src/app/studio/page.tsx [Client Component SSR]
    ./src/app/studio/page.tsx [Server Component]

https://nextjs.org/docs/messages/module-not-found


./node_modules/twitter-text/dist/esm/isValidUrl.js:2:1
Module not found: Can't resolve 'core-js/modules/es6.regexp.match'
  [90m1 |[0m [36mimport[0m [32m"core-js/modules/es6.regexp.constructor"[0m;
[31m[1m>[0m [90m2 |[0m [36mimport[0m [32m"core-js/modules/es6.regexp.match"[0m;
  [90m  |[0m [31m[1m^^^^^^^^^^^^^^^^^^^^^^^^^^^^^^^^^^^^^^^^^^[0m
  [90m3 |[0m [90m// Copyright 2018 Twitter, Inc.[0m
  [90m4 |[0m [90m// Licensed under the Apache License, Version 2.0[0m
  [90m5 |[0m [90m// http://www.apache.org/licenses/LICENSE-2.0[0m

Symlink [project]/node_modules/node_modules is invalid, it points out of the filesystem root

Debug info:
- Execution of <ModuleAssetContext as AssetContext>::resolve_asset failed
- Execution of resolve failed
- Execution of resolve_internal failed
- Execution of find_package failed
- Symlink [project]/node_modules/node_modules is invalid, it points out of the filesystem root


Import traces:
  App Route:
    ./node_modules/twitter-text/dist/esm/isValidUrl.js
    ./node_modules/twitter-text/dist/esm/index.js
    ./src/lib/studio/platform-publish-fields.ts
    ./src/app/api/publish/route.ts

  Client Component Browser:
    ./node_modules/twitter-text/dist/esm/isValidUrl.js [Client Component Browser]
    ./node_modules/twitter-text/dist/esm/index.js [Client Component Browser]
    ./src/lib/studio/platform-publish-fields.ts [Client Component Browser]
    ./src/app/studio/page.tsx [Client Component Browser]
    ./src/app/studio/page.tsx [Server Component]

  Client Component SSR:
    ./node_modules/twitter-text/dist/esm/isValidUrl.js [Client Component SSR]
    ./node_modules/twitter-text/dist/esm/index.js [Client Component SSR]
    ./src/lib/studio/platform-publish-fields.ts [Client Component SSR]
    ./src/app/studio/page.tsx [Client Component SSR]
    ./src/app/studio/page.tsx [Server Component]

https://nextjs.org/docs/messages/module-not-found


./node_modules/twitter-text/dist/esm/lib/idna.js:2:1
Module not found: Can't resolve 'core-js/modules/es6.regexp.match'
  [90m1 |[0m [36mimport[0m [32m"core-js/modules/es6.regexp.split"[0m;
[31m[1m>[0m [90m2 |[0m [36mimport[0m [32m"core-js/modules/es6.regexp.match"[0m;
  [90m  |[0m [31m[1m^^^^^^^^^^^^^^^^^^^^^^^^^^^^^^^^^^^^^^^^^^[0m
  [90m3 |[0m [90m// Copyright 2018 Twitter, Inc.[0m
  [90m4 |[0m [90m// Licensed under the Apache License, Version 2.0[0m
  [90m5 |[0m [90m// http://www.apache.org/licenses/LICENSE-2.0[0m

Symlink [project]/node_modules/node_modules is invalid, it points out of the filesystem root

Debug info:
- Execution of <ModuleAssetContext as AssetContext>::resolve_asset failed
- Execution of resolve failed
- Execution of resolve_internal failed
- Execution of find_package failed
- Symlink [project]/node_modules/node_modules is invalid, it points out of the filesystem root


Import traces:
  App Route:
    ./node_modules/twitter-text/dist/esm/lib/idna.js
    ./node_modules/twitter-text/dist/esm/extractUrlsWithIndices.js
    ./node_modules/twitter-text/dist/esm/index.js
    ./src/lib/studio/platform-publish-fields.ts
    ./src/app/api/publish/route.ts

  Client Component Browser:
    ./node_modules/twitter-text/dist/esm/lib/idna.js [Client Component Browser]
    ./node_modules/twitter-text/dist/esm/extractUrlsWithIndices.js [Client Component Browser]
    ./node_modules/twitter-text/dist/esm/index.js [Client Component Browser]
    ./src/lib/studio/platform-publish-fields.ts [Client Component Browser]
    ./src/app/studio/page.tsx [Client Component Browser]
    ./src/app/studio/page.tsx [Server Component]

  Client Component SSR:
    ./node_modules/twitter-text/dist/esm/lib/idna.js [Client Component SSR]
    ./node_modules/twitter-text/dist/esm/extractUrlsWithIndices.js [Client Component SSR]
    ./node_modules/twitter-text/dist/esm/index.js [Client Component SSR]
    ./src/lib/studio/platform-publish-fields.ts [Client Component SSR]
    ./src/app/studio/page.tsx [Client Component SSR]
    ./src/app/studio/page.tsx [Server Component]

https://nextjs.org/docs/messages/module-not-found


./node_modules/twitter-text/dist/esm/linkTextWithEntity.js:1:1
Module not found: Can't resolve 'core-js/modules/es6.regexp.match'
[31m[1m>[0m [90m1 |[0m [36mimport[0m [32m"core-js/modules/es6.regexp.match"[0m;
  [90m  |[0m [31m[1m^^^^^^^^^^^^^^^^^^^^^^^^^^^^^^^^^^^^^^^^^^[0m
  [90m2 |[0m [36mimport[0m [32m"core-js/modules/es6.array.index-of"[0m;
  [90m3 |[0m [36mimport[0m [32m"core-js/modules/es6.regexp.replace"[0m;
  [90m4 |[0m [90m// Copyright 2018 Twitter, Inc.[0m

Symlink [project]/node_modules/node_modules is invalid, it points out of the filesystem root

Debug info:
- Execution of <ModuleAssetContext as AssetContext>::resolve_asset failed
- Execution of resolve failed
- Execution of resolve_internal failed
- Execution of find_package failed
- Symlink [project]/node_modules/node_modules is invalid, it points out of the filesystem root


Import traces:
  App Route:
    ./node_modules/twitter-text/dist/esm/linkTextWithEntity.js
    ./node_modules/twitter-text/dist/esm/index.js
    ./src/lib/studio/platform-publish-fields.ts
    ./src/app/api/publish/route.ts

  Client Component Browser:
    ./node_modules/twitter-text/dist/esm/linkTextWithEntity.js [Client Component Browser]
    ./node_modules/twitter-text/dist/esm/index.js [Client Component Browser]
    ./src/lib/studio/platform-publish-fields.ts [Client Component Browser]
    ./src/app/studio/page.tsx [Client Component Browser]
    ./src/app/studio/page.tsx [Server Component]

  Client Component SSR:
    ./node_modules/twitter-text/dist/esm/linkTextWithEntity.js [Client Component SSR]
    ./node_modules/twitter-text/dist/esm/index.js [Client Component SSR]
    ./src/lib/studio/platform-publish-fields.ts [Client Component SSR]
    ./src/app/studio/page.tsx [Client Component SSR]
    ./src/app/studio/page.tsx [Server Component]

https://nextjs.org/docs/messages/module-not-found


./node_modules/twitter-text/dist/esm/linkToHashtag.js:1:1
Module not found: Can't resolve 'core-js/modules/es6.regexp.match'
[31m[1m>[0m [90m1 |[0m [36mimport[0m [32m"core-js/modules/es6.regexp.match"[0m;
  [90m  |[0m [31m[1m^^^^^^^^^^^^^^^^^^^^^^^^^^^^^^^^^^^^^^^^^^[0m
  [90m2 |[0m [90m// Copyright 2018 Twitter, Inc.[0m
  [90m3 |[0m [90m// Licensed under the Apache License, Version 2.0[0m
  [90m4 |[0m [90m// http://www.apache.org/licenses/LICENSE-2.0[0m

Symlink [project]/node_modules/node_modules is invalid, it points out of the filesystem root

Debug info:
- Execution of <ModuleAssetContext as AssetContext>::resolve_asset failed
- Execution of resolve failed
- Execution of resolve_internal failed
- Execution of find_package failed
- Symlink [project]/node_modules/node_modules is invalid, it points out of the filesystem root


Import traces:
  App Route:
    ./node_modules/twitter-text/dist/esm/linkToHashtag.js
    ./node_modules/twitter-text/dist/esm/index.js
    ./src/lib/studio/platform-publish-fields.ts
    ./src/app/api/publish/route.ts

  Client Component Browser:
    ./node_modules/twitter-text/dist/esm/linkToHashtag.js [Client Component Browser]
    ./node_modules/twitter-text/dist/esm/index.js [Client Component Browser]
    ./src/lib/studio/platform-publish-fields.ts [Client Component Browser]
    ./src/app/studio/page.tsx [Client Component Browser]
    ./src/app/studio/page.tsx [Server Component]

  Client Component SSR:
    ./node_modules/twitter-text/dist/esm/linkToHashtag.js [Client Component SSR]
    ./node_modules/twitter-text/dist/esm/index.js [Client Component SSR]
    ./src/lib/studio/platform-publish-fields.ts [Client Component SSR]
    ./src/app/studio/page.tsx [Client Component SSR]
    ./src/app/studio/page.tsx [Server Component]

https://nextjs.org/docs/messages/module-not-found


./node_modules/twitter-text/dist/esm/linkToTextWithSymbol.js:1:1
Module not found: Can't resolve 'core-js/modules/es6.regexp.match'
[31m[1m>[0m [90m1 |[0m [36mimport[0m [32m"core-js/modules/es6.regexp.match"[0m;
  [90m  |[0m [31m[1m^^^^^^^^^^^^^^^^^^^^^^^^^^^^^^^^^^^^^^^^^^[0m
  [90m2 |[0m [90m// Copyright 2018 Twitter, Inc.[0m
  [90m3 |[0m [90m// Licensed under the Apache License, Version 2.0[0m
  [90m4 |[0m [90m// http://www.apache.org/licenses/LICENSE-2.0[0m

Symlink [project]/node_modules/node_modules is invalid, it points out of the filesystem root

Debug info:
- Execution of <ModuleAssetContext as AssetContext>::resolve_asset failed
- Execution of resolve failed
- Execution of resolve_internal failed
- Execution of find_package failed
- Symlink [project]/node_modules/node_modules is invalid, it points out of the filesystem root


Import traces:
  App Route:
    ./node_modules/twitter-text/dist/esm/linkToTextWithSymbol.js
    ./node_modules/twitter-text/dist/esm/index.js
    ./src/lib/studio/platform-publish-fields.ts
    ./src/app/api/publish/route.ts

  Client Component Browser:
    ./node_modules/twitter-text/dist/esm/linkToTextWithSymbol.js [Client Component Browser]
    ./node_modules/twitter-text/dist/esm/index.js [Client Component Browser]
    ./src/lib/studio/platform-publish-fields.ts [Client Component Browser]
    ./src/app/studio/page.tsx [Client Component Browser]
    ./src/app/studio/page.tsx [Server Component]

  Client Component SSR:
    ./node_modules/twitter-text/dist/esm/linkToTextWithSymbol.js [Client Component SSR]
    ./node_modules/twitter-text/dist/esm/index.js [Client Component SSR]
    ./src/lib/studio/platform-publish-fields.ts [Client Component SSR]
    ./src/app/studio/page.tsx [Client Component SSR]
    ./src/app/studio/page.tsx [Server Component]

https://nextjs.org/docs/messages/module-not-found


./node_modules/twitter-text/dist/esm/linkToUrl.js:1:1
Module not found: Can't resolve 'core-js/modules/es6.regexp.match'
[31m[1m>[0m [90m1 |[0m [36mimport[0m [32m"core-js/modules/es6.regexp.match"[0m;
  [90m  |[0m [31m[1m^^^^^^^^^^^^^^^^^^^^^^^^^^^^^^^^^^^^^^^^^^[0m
  [90m2 |[0m [90m// Copyright 2018 Twitter, Inc.[0m
  [90m3 |[0m [90m// Licensed under the Apache License, Version 2.0[0m
  [90m4 |[0m [90m// http://www.apache.org/licenses/LICENSE-2.0[0m

Symlink [project]/node_modules/node_modules is invalid, it points out of the filesystem root

Debug info:
- Execution of <ModuleAssetContext as AssetContext>::resolve_asset failed
- Execution of resolve failed
- Execution of resolve_internal failed
- Execution of find_package failed
- Symlink [project]/node_modules/node_modules is invalid, it points out of the filesystem root


Import traces:
  App Route:
    ./node_modules/twitter-text/dist/esm/linkToUrl.js
    ./node_modules/twitter-text/dist/esm/index.js
    ./src/lib/studio/platform-publish-fields.ts
    ./src/app/api/publish/route.ts

  Client Component Browser:
    ./node_modules/twitter-text/dist/esm/linkToUrl.js [Client Component Browser]
    ./node_modules/twitter-text/dist/esm/index.js [Client Component Browser]
    ./src/lib/studio/platform-publish-fields.ts [Client Component Browser]
    ./src/app/studio/page.tsx [Client Component Browser]
    ./src/app/studio/page.tsx [Server Component]

  Client Component SSR:
    ./node_modules/twitter-text/dist/esm/linkToUrl.js [Client Component SSR]
    ./node_modules/twitter-text/dist/esm/index.js [Client Component SSR]
    ./src/lib/studio/platform-publish-fields.ts [Client Component SSR]
    ./src/app/studio/page.tsx [Client Component SSR]
    ./src/app/studio/page.tsx [Server Component]

https://nextjs.org/docs/messages/module-not-found


./node_modules/twitter-text/dist/esm/extractCashtagsWithIndices.js:1:1
Module not found: Can't resolve 'core-js/modules/es6.regexp.replace'
[31m[1m>[0m [90m1 |[0m [36mimport[0m [32m"core-js/modules/es6.regexp.replace"[0m;
  [90m  |[0m [31m[1m^^^^^^^^^^^^^^^^^^^^^^^^^^^^^^^^^^^^^^^^^^^^[0m
  [90m2 |[0m [36mimport[0m [32m"core-js/modules/es6.array.index-of"[0m;
  [90m3 |[0m [90m// Copyright 2018 Twitter, Inc.[0m
  [90m4 |[0m [90m// Licensed under the Apache License, Version 2.0[0m

Symlink [project]/node_modules/node_modules is invalid, it points out of the filesystem root

Debug info:
- Execution of <ModuleAssetContext as AssetContext>::resolve_asset failed
- Execution of resolve failed
- Execution of resolve_internal failed
- Execution of find_package failed
- Symlink [project]/node_modules/node_modules is invalid, it points out of the filesystem root


Import traces:
  App Route:
    ./node_modules/twitter-text/dist/esm/extractCashtagsWithIndices.js
    ./node_modules/twitter-text/dist/esm/index.js
    ./src/lib/studio/platform-publish-fields.ts
    ./src/app/api/publish/route.ts

  Client Component Browser:
    ./node_modules/twitter-text/dist/esm/extractCashtagsWithIndices.js [Client Component Browser]
    ./node_modules/twitter-text/dist/esm/index.js [Client Component Browser]
    ./src/lib/studio/platform-publish-fields.ts [Client Component Browser]
    ./src/app/studio/page.tsx [Client Component Browser]
    ./src/app/studio/page.tsx [Server Component]

  Client Component SSR:
    ./node_modules/twitter-text/dist/esm/extractCashtagsWithIndices.js [Client Component SSR]
    ./node_modules/twitter-text/dist/esm/index.js [Client Component SSR]
    ./src/lib/studio/platform-publish-fields.ts [Client Component SSR]
    ./src/app/studio/page.tsx [Client Component SSR]
    ./src/app/studio/page.tsx [Server Component]

https://nextjs.org/docs/messages/module-not-found


./node_modules/twitter-text/dist/esm/extractHashtagsWithIndices.js:1:1
Module not found: Can't resolve 'core-js/modules/es6.regexp.replace'
[31m[1m>[0m [90m1 |[0m [36mimport[0m [32m"core-js/modules/es6.regexp.replace"[0m;
  [90m  |[0m [31m[1m^^^^^^^^^^^^^^^^^^^^^^^^^^^^^^^^^^^^^^^^^^^^[0m
  [90m2 |[0m [36mimport[0m [32m"core-js/modules/es6.regexp.match"[0m;
  [90m3 |[0m [90m// Copyright 2018 Twitter, Inc.[0m
  [90m4 |[0m [90m// Licensed under the Apache License, Version 2.0[0m

Symlink [project]/node_modules/node_modules is invalid, it points out of the filesystem root

Debug info:
- Execution of <ModuleAssetContext as AssetContext>::resolve_asset failed
- Execution of resolve failed
- Execution of resolve_internal failed
- Execution of find_package failed
- Symlink [project]/node_modules/node_modules is invalid, it points out of the filesystem root


Import traces:
  App Route:
    ./node_modules/twitter-text/dist/esm/extractHashtagsWithIndices.js
    ./node_modules/twitter-text/dist/esm/index.js
    ./src/lib/studio/platform-publish-fields.ts
    ./src/app/api/publish/route.ts

  Client Component Browser:
    ./node_modules/twitter-text/dist/esm/extractHashtagsWithIndices.js [Client Component Browser]
    ./node_modules/twitter-text/dist/esm/index.js [Client Component Browser]
    ./src/lib/studio/platform-publish-fields.ts [Client Component Browser]
    ./src/app/studio/page.tsx [Client Component Browser]
    ./src/app/studio/page.tsx [Server Component]

  Client Component SSR:
    ./node_modules/twitter-text/dist/esm/extractHashtagsWithIndices.js [Client Component SSR]
    ./node_modules/twitter-text/dist/esm/index.js [Client Component SSR]
    ./src/lib/studio/platform-publish-fields.ts [Client Component SSR]
    ./src/app/studio/page.tsx [Client Component SSR]
    ./src/app/studio/page.tsx [Server Component]

https://nextjs.org/docs/messages/module-not-found


./node_modules/twitter-text/dist/esm/extractMentionsOrListsWithIndices.js:1:1
Module not found: Can't resolve 'core-js/modules/es6.regexp.replace'
[31m[1m>[0m [90m1 |[0m [36mimport[0m [32m"core-js/modules/es6.regexp.replace"[0m;
  [90m  |[0m [31m[1m^^^^^^^^^^^^^^^^^^^^^^^^^^^^^^^^^^^^^^^^^^^^[0m
  [90m2 |[0m [36mimport[0m [32m"core-js/modules/es6.regexp.match"[0m;
  [90m3 |[0m [90m// Copyright 2018 Twitter, Inc.[0m
  [90m4 |[0m [90m// Licensed under the Apache License, Version 2.0[0m

Symlink [project]/node_modules/node_modules is invalid, it points out of the filesystem root

Debug info:
- Execution of <ModuleAssetContext as AssetContext>::resolve_asset failed
- Execution of resolve failed
- Execution of resolve_internal failed
- Execution of find_package failed
- Symlink [project]/node_modules/node_modules is invalid, it points out of the filesystem root


Import traces:
  App Route:
    ./node_modules/twitter-text/dist/esm/extractMentionsOrListsWithIndices.js
    ./node_modules/twitter-text/dist/esm/index.js
    ./src/lib/studio/platform-publish-fields.ts
    ./src/lib/publish.ts
    ./src/app/api/schedule/publish-due/route.ts

  Client Component Browser:
    ./node_modules/twitter-text/dist/esm/extractMentionsOrListsWithIndices.js [Client Component Browser]
    ./node_modules/twitter-text/dist/esm/index.js [Client Component Browser]
    ./src/lib/studio/platform-publish-fields.ts [Client Component Browser]
    ./src/app/studio/page.tsx [Client Component Browser]
    ./src/app/studio/page.tsx [Server Component]

  Client Component SSR:
    ./node_modules/twitter-text/dist/esm/extractMentionsOrListsWithIndices.js [Client Component SSR]
    ./node_modules/twitter-text/dist/esm/index.js [Client Component SSR]
    ./src/lib/studio/platform-publish-fields.ts [Client Component SSR]
    ./src/app/studio/page.tsx [Client Component SSR]
    ./src/app/studio/page.tsx [Server Component]

https://nextjs.org/docs/messages/module-not-found


./node_modules/twitter-text/dist/esm/extractUrlsWithIndices.js:2:1
Module not found: Can't resolve 'core-js/modules/es6.regexp.replace'
  [90m1 |[0m [36mimport[0m [32m"core-js/modules/es6.array.index-of"[0m;
[31m[1m>[0m [90m2 |[0m [36mimport[0m [32m"core-js/modules/es6.regexp.replace"[0m;
  [90m  |[0m [31m[1m^^^^^^^^^^^^^^^^^^^^^^^^^^^^^^^^^^^^^^^^^^^^[0m
  [90m3 |[0m [36mimport[0m [32m"core-js/modules/es6.regexp.constructor"[0m;
  [90m4 |[0m [36mimport[0m [32m"core-js/modules/es6.regexp.match"[0m;
  [90m5 |[0m [90m// Copyright 2018 Twitter, Inc.[0m

Symlink [project]/node_modules/node_modules is invalid, it points out of the filesystem root

Debug info:
- Execution of <ModuleAssetContext as AssetContext>::resolve_asset failed
- Execution of resolve failed
- Execution of resolve_internal failed
- Execution of find_package failed
- Symlink [project]/node_modules/node_modules is invalid, it points out of the filesystem root


Import traces:
  App Route:
    ./node_modules/twitter-text/dist/esm/extractUrlsWithIndices.js
    ./node_modules/twitter-text/dist/esm/index.js
    ./src/lib/studio/platform-publish-fields.ts
    ./src/app/api/publish/route.ts

  Client Component Browser:
    ./node_modules/twitter-text/dist/esm/extractUrlsWithIndices.js [Client Component Browser]
    ./node_modules/twitter-text/dist/esm/index.js [Client Component Browser]
    ./src/lib/studio/platform-publish-fields.ts [Client Component Browser]
    ./src/app/studio/page.tsx [Client Component Browser]
    ./src/app/studio/page.tsx [Server Component]

  Client Component SSR:
    ./node_modules/twitter-text/dist/esm/extractUrlsWithIndices.js [Client Component SSR]
    ./node_modules/twitter-text/dist/esm/index.js [Client Component SSR]
    ./src/lib/studio/platform-publish-fields.ts [Client Component SSR]
    ./src/app/studio/page.tsx [Client Component SSR]
    ./src/app/studio/page.tsx [Server Component]

https://nextjs.org/docs/messages/module-not-found


./node_modules/twitter-text/dist/esm/getUnicodeTextLength.js:1:1
Module not found: Can't resolve 'core-js/modules/es6.regexp.replace'
[31m[1m>[0m [90m1 |[0m [36mimport[0m [32m"core-js/modules/es6.regexp.replace"[0m;
  [90m  |[0m [31m[1m^^^^^^^^^^^^^^^^^^^^^^^^^^^^^^^^^^^^^^^^^^^^[0m
  [90m2 |[0m [90m// Copyright 2018 Twitter, Inc.[0m
  [90m3 |[0m [90m// Licensed under the Apache License, Version 2.0[0m
  [90m4 |[0m [90m// http://www.apache.org/licenses/LICENSE-2.0[0m

Symlink [project]/node_modules/node_modules is invalid, it points out of the filesystem root

Debug info:
- Execution of <ModuleAssetContext as AssetContext>::resolve_asset failed
- Execution of resolve failed
- Execution of resolve_internal failed
- Execution of find_package failed
- Symlink [project]/node_modules/node_modules is invalid, it points out of the filesystem root


Import traces:
  App Route:
    ./node_modules/twitter-text/dist/esm/getUnicodeTextLength.js
    ./node_modules/twitter-text/dist/esm/index.js
    ./src/lib/studio/platform-publish-fields.ts
    ./src/app/api/publish/route.ts

  Client Component Browser:
    ./node_modules/twitter-text/dist/esm/getUnicodeTextLength.js [Client Component Browser]
    ./node_modules/twitter-text/dist/esm/index.js [Client Component Browser]
    ./src/lib/studio/platform-publish-fields.ts [Client Component Browser]
    ./src/app/studio/page.tsx [Client Component Browser]
    ./src/app/studio/page.tsx [Server Component]

  Client Component SSR:
    ./node_modules/twitter-text/dist/esm/getUnicodeTextLength.js [Client Component SSR]
    ./node_modules/twitter-text/dist/esm/index.js [Client Component SSR]
    ./src/lib/studio/platform-publish-fields.ts [Client Component SSR]
    ./src/app/studio/page.tsx [Client Component SSR]
    ./src/app/studio/page.tsx [Server Component]

https://nextjs.org/docs/messages/module-not-found


./node_modules/twitter-text/dist/esm/htmlEscape.js:1:1
Module not found: Can't resolve 'core-js/modules/es6.regexp.replace'
[31m[1m>[0m [90m1 |[0m [36mimport[0m [32m"core-js/modules/es6.regexp.replace"[0m;
  [90m  |[0m [31m[1m^^^^^^^^^^^^^^^^^^^^^^^^^^^^^^^^^^^^^^^^^^^^[0m
  [90m2 |[0m [90m// Copyright 2018 Twitter, Inc.[0m
  [90m3 |[0m [90m// Licensed under the Apache License, Version 2.0[0m
  [90m4 |[0m [90m// http://www.apache.org/licenses/LICENSE-2.0[0m

Symlink [project]/node_modules/node_modules is invalid, it points out of the filesystem root

Debug info:
- Execution of <ModuleAssetContext as AssetContext>::resolve_asset failed
- Execution of resolve failed
- Execution of resolve_internal failed
- Execution of find_package failed
- Symlink [project]/node_modules/node_modules is invalid, it points out of the filesystem root


Import traces:
  App Route:
    ./node_modules/twitter-text/dist/esm/htmlEscape.js
    ./node_modules/twitter-text/dist/esm/index.js
    ./src/lib/studio/platform-publish-fields.ts
    ./src/app/api/publish/route.ts

  Client Component Browser:
    ./node_modules/twitter-text/dist/esm/htmlEscape.js [Client Component Browser]
    ./node_modules/twitter-text/dist/esm/index.js [Client Component Browser]
    ./src/lib/studio/platform-publish-fields.ts [Client Component Browser]
    ./src/app/studio/page.tsx [Client Component Browser]
    ./src/app/studio/page.tsx [Server Component]

  Client Component SSR:
    ./node_modules/twitter-text/dist/esm/htmlEscape.js [Client Component SSR]
    ./node_modules/twitter-text/dist/esm/index.js [Client Component SSR]
    ./src/lib/studio/platform-publish-fields.ts [Client Component SSR]
    ./src/app/studio/page.tsx [Client Component SSR]
    ./src/app/studio/page.tsx [Server Component]

https://nextjs.org/docs/messages/module-not-found


./node_modules/twitter-text/dist/esm/lib/regexSupplant.js:1:1
Module not found: Can't resolve 'core-js/modules/es6.regexp.replace'
[31m[1m>[0m [90m1 |[0m [36mimport[0m [32m"core-js/modules/es6.regexp.replace"[0m;
  [90m  |[0m [31m[1m^^^^^^^^^^^^^^^^^^^^^^^^^^^^^^^^^^^^^^^^^^^^[0m
  [90m2 |[0m [36mimport[0m [32m"core-js/modules/es6.regexp.constructor"[0m;
  [90m3 |[0m [36mimport[0m [32m"core-js/modules/es6.array.index-of"[0m;
  [90m4 |[0m [90m// Copyright 2018 Twitter, Inc.[0m

Symlink [project]/node_modules/node_modules is invalid, it points out of the filesystem root

Debug info:
- Execution of <ModuleAssetContext as AssetContext>::resolve_asset failed
- Execution of resolve failed
- Execution of resolve_internal failed
- Execution of find_package failed
- Symlink [project]/node_modules/node_modules is invalid, it points out of the filesystem root


Import traces:
  App Route:
    ./node_modules/twitter-text/dist/esm/lib/regexSupplant.js
    ./node_modules/twitter-text/dist/esm/isValidList.js
    ./node_modules/twitter-text/dist/esm/index.js
    ./src/lib/studio/platform-publish-fields.ts
    ./src/app/api/publish/route.ts

  Client Component Browser:
    ./node_modules/twitter-text/dist/esm/lib/regexSupplant.js [Client Component Browser]
    ./node_modules/twitter-text/dist/esm/isValidList.js [Client Component Browser]
    ./node_modules/twitter-text/dist/esm/index.js [Client Component Browser]
    ./src/lib/studio/platform-publish-fields.ts [Client Component Browser]
    ./src/components/studio/PlatformPreview.tsx [Client Component Browser]
    ./src/components/home/PerformanceRoom.tsx [Client Component Browser]
    ./src/components/home/PerformanceDashboard.tsx [Client Component Browser]
    ./src/app/performance/page.tsx [Client Component Browser]
    ./src/app/performance/page.tsx [Server Component]

  Client Component SSR:
    ./node_modules/twitter-text/dist/esm/lib/regexSupplant.js [Client Component SSR]
    ./node_modules/twitter-text/dist/esm/isValidList.js [Client Component SSR]
    ./node_modules/twitter-text/dist/esm/index.js [Client Component SSR]
    ./src/lib/studio/platform-publish-fields.ts [Client Component SSR]
    ./src/components/studio/PlatformPreview.tsx [Client Component SSR]
    ./src/components/home/PerformanceRoom.tsx [Client Component SSR]
    ./src/components/home/PerformanceDashboard.tsx [Client Component SSR]
    ./src/app/performance/page.tsx [Client Component SSR]
    ./src/app/performance/page.tsx [Server Component]

https://nextjs.org/docs/messages/module-not-found


./node_modules/twitter-text/dist/esm/lib/stringSupplant.js:1:1
Module not found: Can't resolve 'core-js/modules/es6.regexp.replace'
[31m[1m>[0m [90m1 |[0m [36mimport[0m [32m"core-js/modules/es6.regexp.replace"[0m;
  [90m  |[0m [31m[1m^^^^^^^^^^^^^^^^^^^^^^^^^^^^^^^^^^^^^^^^^^^^[0m
  [90m2 |[0m [90m// Copyright 2018 Twitter, Inc.[0m
  [90m3 |[0m [90m// Licensed under the Apache License, Version 2.0[0m
  [90m4 |[0m [90m// http://www.apache.org/licenses/LICENSE-2.0[0m

Symlink [project]/node_modules/node_modules is invalid, it points out of the filesystem root

Debug info:
- Execution of <ModuleAssetContext as AssetContext>::resolve_asset failed
- Execution of resolve failed
- Execution of resolve_internal failed
- Execution of find_package failed
- Symlink [project]/node_modules/node_modules is invalid, it points out of the filesystem root


Import traces:
  App Route:
    ./node_modules/twitter-text/dist/esm/lib/stringSupplant.js
    ./node_modules/twitter-text/dist/esm/linkToText.js
    ./node_modules/twitter-text/dist/esm/index.js
    ./src/lib/studio/platform-publish-fields.ts
    ./src/app/api/publish/route.ts

  Client Component Browser:
    ./node_modules/twitter-text/dist/esm/lib/stringSupplant.js [Client Component Browser]
    ./node_modules/twitter-text/dist/esm/linkToText.js [Client Component Browser]
    ./node_modules/twitter-text/dist/esm/index.js [Client Component Browser]
    ./src/lib/studio/platform-publish-fields.ts [Client Component Browser]
    ./src/app/studio/page.tsx [Client Component Browser]
    ./src/app/studio/page.tsx [Server Component]

  Client Component SSR:
    ./node_modules/twitter-text/dist/esm/lib/stringSupplant.js [Client Component SSR]
    ./node_modules/twitter-text/dist/esm/linkToText.js [Client Component SSR]
    ./node_modules/twitter-text/dist/esm/index.js [Client Component SSR]
    ./src/lib/studio/platform-publish-fields.ts [Client Component SSR]
    ./src/app/studio/page.tsx [Client Component SSR]
    ./src/app/studio/page.tsx [Server Component]

https://nextjs.org/docs/messages/module-not-found


./node_modules/twitter-text/dist/esm/linkTextWithEntity.js:3:1
Module not found: Can't resolve 'core-js/modules/es6.regexp.replace'
  [90m1 |[0m [36mimport[0m [32m"core-js/modules/es6.regexp.match"[0m;
  [90m2 |[0m [36mimport[0m [32m"core-js/modules/es6.array.index-of"[0m;
[31m[1m>[0m [90m3 |[0m [36mimport[0m [32m"core-js/modules/es6.regexp.replace"[0m;
  [90m  |[0m [31m[1m^^^^^^^^^^^^^^^^^^^^^^^^^^^^^^^^^^^^^^^^^^^^[0m
  [90m4 |[0m [90m// Copyright 2018 Twitter, Inc.[0m
  [90m5 |[0m [90m// Licensed under the Apache License, Version 2.0[0m
  [90m6 |[0m [90m// http://www.apache.org/licenses/LICENSE-2.0[0m

Symlink [project]/node_modules/node_modules is invalid, it points out of the filesystem root

Debug info:
- Execution of <ModuleAssetContext as AssetContext>::resolve_asset failed
- Execution of resolve failed
- Execution of resolve_internal failed
- Execution of find_package failed
- Symlink [project]/node_modules/node_modules is invalid, it points out of the filesystem root


Import traces:
  App Route:
    ./node_modules/twitter-text/dist/esm/linkTextWithEntity.js
    ./node_modules/twitter-text/dist/esm/index.js
    ./src/lib/studio/platform-publish-fields.ts
    ./src/app/api/publish/route.ts

  Client Component Browser:
    ./node_modules/twitter-text/dist/esm/linkTextWithEntity.js [Client Component Browser]
    ./node_modules/twitter-text/dist/esm/index.js [Client Component Browser]
    ./src/lib/studio/platform-publish-fields.ts [Client Component Browser]
    ./src/app/studio/page.tsx [Client Component Browser]
    ./src/app/studio/page.tsx [Server Component]

  Client Component SSR:
    ./node_modules/twitter-text/dist/esm/linkTextWithEntity.js [Client Component SSR]
    ./node_modules/twitter-text/dist/esm/index.js [Client Component SSR]
    ./src/lib/studio/platform-publish-fields.ts [Client Component SSR]
    ./src/app/studio/page.tsx [Client Component SSR]
    ./src/app/studio/page.tsx [Server Component]

https://nextjs.org/docs/messages/module-not-found


./node_modules/twitter-text/dist/esm/lib/idna.js:1:1
Module not found: Can't resolve 'core-js/modules/es6.regexp.split'
[31m[1m>[0m [90m1 |[0m [36mimport[0m [32m"core-js/modules/es6.regexp.split"[0m;
  [90m  |[0m [31m[1m^^^^^^^^^^^^^^^^^^^^^^^^^^^^^^^^^^^^^^^^^^[0m
  [90m2 |[0m [36mimport[0m [32m"core-js/modules/es6.regexp.match"[0m;
  [90m3 |[0m [90m// Copyright 2018 Twitter, Inc.[0m
  [90m4 |[0m [90m// Licensed under the Apache License, Version 2.0[0m

Symlink [project]/node_modules/node_modules is invalid, it points out of the filesystem root

Debug info:
- Execution of <ModuleAssetContext as AssetContext>::resolve_asset failed
- Execution of resolve failed
- Execution of resolve_internal failed
- Execution of find_package failed
- Symlink [project]/node_modules/node_modules is invalid, it points out of the filesystem root


Import traces:
  App Route:
    ./node_modules/twitter-text/dist/esm/lib/idna.js
    ./node_modules/twitter-text/dist/esm/extractUrlsWithIndices.js
    ./node_modules/twitter-text/dist/esm/index.js
    ./src/lib/studio/platform-publish-fields.ts
    ./src/app/api/publish/route.ts

  Client Component Browser:
    ./node_modules/twitter-text/dist/esm/lib/idna.js [Client Component Browser]
    ./node_modules/twitter-text/dist/esm/extractUrlsWithIndices.js [Client Component Browser]
    ./node_modules/twitter-text/dist/esm/index.js [Client Component Browser]
    ./src/lib/studio/platform-publish-fields.ts [Client Component Browser]
    ./src/app/studio/page.tsx [Client Component Browser]
    ./src/app/studio/page.tsx [Server Component]

  Client Component SSR:
    ./node_modules/twitter-text/dist/esm/lib/idna.js [Client Component SSR]
    ./node_modules/twitter-text/dist/esm/extractUrlsWithIndices.js [Client Component SSR]
    ./node_modules/twitter-text/dist/esm/index.js [Client Component SSR]
    ./src/lib/studio/platform-publish-fields.ts [Client Component SSR]
    ./src/app/studio/page.tsx [Client Component SSR]
    ./src/app/studio/page.tsx [Server Component]

https://nextjs.org/docs/messages/module-not-found


./node_modules/twitter-text/dist/esm/splitTags.js:1:1
Module not found: Can't resolve 'core-js/modules/es6.regexp.split'
[31m[1m>[0m [90m1 |[0m [36mimport[0m [32m"core-js/modules/es6.regexp.split"[0m;
  [90m  |[0m [31m[1m^^^^^^^^^^^^^^^^^^^^^^^^^^^^^^^^^^^^^^^^^^[0m
  [90m2 |[0m [90m// Copyright 2018 Twitter, Inc.[0m
  [90m3 |[0m [90m// Licensed under the Apache License, Version 2.0[0m
  [90m4 |[0m [90m// http://www.apache.org/licenses/LICENSE-2.0[0m

Symlink [project]/node_modules/node_modules is invalid, it points out of the filesystem root

Debug info:
- Execution of <ModuleAssetContext as AssetContext>::resolve_asset failed
- Execution of resolve failed
- Execution of resolve_internal failed
- Execution of find_package failed
- Symlink [project]/node_modules/node_modules is invalid, it points out of the filesystem root


Import traces:
  App Route:
    ./node_modules/twitter-text/dist/esm/splitTags.js
    ./node_modules/twitter-text/dist/esm/index.js
    ./src/lib/studio/platform-publish-fields.ts
    ./src/app/api/publish/route.ts

  Client Component Browser:
    ./node_modules/twitter-text/dist/esm/splitTags.js [Client Component Browser]
    ./node_modules/twitter-text/dist/esm/index.js [Client Component Browser]
    ./src/lib/studio/platform-publish-fields.ts [Client Component Browser]
    ./src/app/studio/page.tsx [Client Component Browser]
    ./src/app/studio/page.tsx [Server Component]

  Client Component SSR:
    ./node_modules/twitter-text/dist/esm/splitTags.js [Client Component SSR]
    ./node_modules/twitter-text/dist/esm/index.js [Client Component SSR]
    ./src/lib/studio/platform-publish-fields.ts [Client Component SSR]
    ./src/app/studio/page.tsx [Client Component SSR]
    ./src/app/studio/page.tsx [Server Component]

https://nextjs.org/docs/messages/module-not-found


./node_modules/twitter-text/dist/esm/tagAttrs.js:1:1
Module not found: Can't resolve 'core-js/modules/es6.regexp.to-string'
[31m[1m>[0m [90m1 |[0m [36mimport[0m [32m"core-js/modules/es6.regexp.to-string"[0m;
  [90m  |[0m [31m[1m^^^^^^^^^^^^^^^^^^^^^^^^^^^^^^^^^^^^^^^^^^^^^^[0m
  [90m2 |[0m [36mimport[0m [32m"core-js/modules/es6.date.to-string"[0m;
  [90m3 |[0m [36mimport[0m [32m"core-js/modules/es6.object.to-string"[0m;
  [90m4 |[0m [90m// Copyright 2018 Twitter, Inc.[0m

Symlink [project]/node_modules/node_modules is invalid, it points out of the filesystem root

Debug info:
- Execution of <ModuleAssetContext as AssetContext>::resolve_asset failed
- Execution of resolve failed
- Execution of resolve_internal failed
- Execution of find_package failed
- Symlink [project]/node_modules/node_modules is invalid, it points out of the filesystem root


Import traces:
  App Route:
    ./node_modules/twitter-text/dist/esm/tagAttrs.js
    ./node_modules/twitter-text/dist/esm/index.js
    ./src/lib/studio/platform-publish-fields.ts
    ./src/app/api/publish/route.ts

  Client Component Browser:
    ./node_modules/twitter-text/dist/esm/tagAttrs.js [Client Component Browser]
    ./node_modules/twitter-text/dist/esm/index.js [Client Component Browser]
    ./src/lib/studio/platform-publish-fields.ts [Client Component Browser]
    ./src/app/studio/page.tsx [Client Component Browser]
    ./src/app/studio/page.tsx [Server Component]

  Client Component SSR:
    ./node_modules/twitter-text/dist/esm/tagAttrs.js [Client Component SSR]
    ./node_modules/twitter-text/dist/esm/index.js [Client Component SSR]
    ./src/lib/studio/platform-publish-fields.ts [Client Component SSR]
    ./src/app/studio/page.tsx [Client Component SSR]
    ./src/app/studio/page.tsx [Server Component]

https://nextjs.org/docs/messages/module-not-found


./node_modules/twitter-text/dist/esm/standardizeIndices.js:1:1
Module not found: Can't resolve 'core-js/modules/es6.string.iterator'
[31m[1m>[0m [90m1 |[0m [36mimport[0m [32m"core-js/modules/es6.string.iterator"[0m;
  [90m  |[0m [31m[1m^^^^^^^^^^^^^^^^^^^^^^^^^^^^^^^^^^^^^^^^^^^^^[0m
  [90m2 |[0m [36mimport[0m [32m"core-js/modules/es6.array.from"[0m;
  [90m3 |[0m [36mimport[0m getUnicodeTextLength [36mfrom[0m [32m'./getUnicodeTextLength'[0m;
  [90m4 |[0m [36mexport[0m [36mdefault[0m [36mfunction[0m standardizeIndices(text, startIndex, endIndex) {

Symlink [project]/node_modules/node_modules is invalid, it points out of the filesystem root

Debug info:
- Execution of <ModuleAssetContext as AssetContext>::resolve_asset failed
- Execution of resolve failed
- Execution of resolve_internal failed
- Execution of find_package failed
- Symlink [project]/node_modules/node_modules is invalid, it points out of the filesystem root


Import traces:
  App Route:
    ./node_modules/twitter-text/dist/esm/standardizeIndices.js
    ./node_modules/twitter-text/dist/esm/index.js
    ./src/lib/studio/platform-publish-fields.ts
    ./src/app/api/publish/route.ts

  Client Component Browser:
    ./node_modules/twitter-text/dist/esm/standardizeIndices.js [Client Component Browser]
    ./node_modules/twitter-text/dist/esm/index.js [Client Component Browser]
    ./src/lib/studio/platform-publish-fields.ts [Client Component Browser]
    ./src/app/studio/page.tsx [Client Component Browser]
    ./src/app/studio/page.tsx [Server Component]

  Client Component SSR:
    ./node_modules/twitter-text/dist/esm/standardizeIndices.js [Client Component SSR]
    ./node_modules/twitter-text/dist/esm/index.js [Client Component SSR]
    ./src/lib/studio/platform-publish-fields.ts [Client Component SSR]
    ./src/app/studio/page.tsx [Client Component SSR]
    ./src/app/studio/page.tsx [Server Component]

https://nextjs.org/docs/messages/module-not-found


./node_modules/twitter-text/dist/esm/isInvalidTweet.js:6:1
Module not found: Can't resolve 'core-js/modules/es6.symbol'
  [90m4 |[0m [36mimport[0m [32m"core-js/modules/es6.array.for-each"[0m;
  [90m5 |[0m [36mimport[0m [32m"core-js/modules/es6.array.filter"[0m;
[31m[1m>[0m [90m6 |[0m [36mimport[0m [32m"core-js/modules/es6.symbol"[0m;
  [90m  |[0m [31m[1m^^^^^^^^^^^^^^^^^^^^^^^^^^^^^^^^^^^^[0m
  [90m7 |[0m [36mimport[0m [32m"core-js/modules/web.dom.iterable"[0m;
  [90m8 |[0m [36mimport[0m [32m"core-js/modules/es6.array.iterator"[0m;
  [90m9 |[0m [36mimport[0m [32m"core-js/modules/es6.object.to-string"[0m;

Symlink [project]/node_modules/node_modules is invalid, it points out of the filesystem root

Debug info:
- Execution of <ModuleAssetContext as AssetContext>::resolve_asset failed
- Execution of resolve failed
- Execution of resolve_internal failed
- Execution of find_package failed
- Symlink [project]/node_modules/node_modules is invalid, it points out of the filesystem root


Import traces:
  App Route:
    ./node_modules/twitter-text/dist/esm/isInvalidTweet.js
    ./node_modules/twitter-text/dist/esm/index.js
    ./src/lib/studio/platform-publish-fields.ts
    ./src/app/api/publish/route.ts

  Client Component Browser:
    ./node_modules/twitter-text/dist/esm/isInvalidTweet.js [Client Component Browser]
    ./node_modules/twitter-text/dist/esm/index.js [Client Component Browser]
    ./src/lib/studio/platform-publish-fields.ts [Client Component Browser]
    ./src/app/studio/page.tsx [Client Component Browser]
    ./src/app/studio/page.tsx [Server Component]

  Client Component SSR:
    ./node_modules/twitter-text/dist/esm/isInvalidTweet.js [Client Component SSR]
    ./node_modules/twitter-text/dist/esm/index.js [Client Component SSR]
    ./src/lib/studio/platform-publish-fields.ts [Client Component SSR]
    ./src/app/studio/page.tsx [Client Component SSR]
    ./src/app/studio/page.tsx [Server Component]

https://nextjs.org/docs/messages/module-not-found


./node_modules/twitter-text/dist/esm/isInvalidTweet.js:3:1
Module not found: Can't resolve 'core-js/modules/es7.object.get-own-property-descriptors'
  [90m1 |[0m [36mimport[0m [32m"core-js/modules/es6.object.define-property"[0m;
  [90m2 |[0m [36mimport[0m [32m"core-js/modules/es6.object.define-properties"[0m;
[31m[1m>[0m [90m3 |[0m [36mimport[0m [32m"core-js/modules/es7.object.get-own-property-descriptors"[0m;
  [90m  |[0m [31m[1m^^^^^^^^^^^^^^^^^^^^^^^^^^^^^^^^^^^^^^^^^^^^^^^^^^^^^^^^^^^^^^^^^[0m
  [90m4 |[0m [36mimport[0m [32m"core-js/modules/es6.array.for-each"[0m;
  [90m5 |[0m [36mimport[0m [32m"core-js/modules/es6.array.filter"[0m;
  [90m6 |[0m [36mimport[0m [32m"core-js/modules/es6.symbol"[0m;

Symlink [project]/node_modules/node_modules is invalid, it points out of the filesystem root

Debug info:
- Execution of <ModuleAssetContext as AssetContext>::resolve_asset failed
- Execution of resolve failed
- Execution of resolve_internal failed
- Execution of find_package failed
- Symlink [project]/node_modules/node_modules is invalid, it points out of the filesystem root


Import traces:
  App Route:
    ./node_modules/twitter-text/dist/esm/isInvalidTweet.js
    ./node_modules/twitter-text/dist/esm/index.js
    ./src/lib/studio/platform-publish-fields.ts
    ./src/app/api/publish/route.ts

  Client Component Browser:
    ./node_modules/twitter-text/dist/esm/isInvalidTweet.js [Client Component Browser]
    ./node_modules/twitter-text/dist/esm/index.js [Client Component Browser]
    ./src/lib/studio/platform-publish-fields.ts [Client Component Browser]
    ./src/app/studio/page.tsx [Client Component Browser]
    ./src/app/studio/page.tsx [Server Component]

  Client Component SSR:
    ./node_modules/twitter-text/dist/esm/isInvalidTweet.js [Client Component SSR]
    ./node_modules/twitter-text/dist/esm/index.js [Client Component SSR]
    ./src/lib/studio/platform-publish-fields.ts [Client Component SSR]
    ./src/app/studio/page.tsx [Client Component SSR]
    ./src/app/studio/page.tsx [Server Component]

https://nextjs.org/docs/messages/module-not-found


./node_modules/twitter-text/dist/esm/isInvalidTweet.js:7:1
Module not found: Can't resolve 'core-js/modules/web.dom.iterable'
  [90m 5 |[0m [36mimport[0m [32m"core-js/modules/es6.array.filter"[0m;
  [90m 6 |[0m [36mimport[0m [32m"core-js/modules/es6.symbol"[0m;
[31m[1m>[0m [90m 7 |[0m [36mimport[0m [32m"core-js/modules/web.dom.iterable"[0m;
  [90m   |[0m [31m[1m^^^^^^^^^^^^^^^^^^^^^^^^^^^^^^^^^^^^^^^^^^[0m
  [90m 8 |[0m [36mimport[0m [32m"core-js/modules/es6.array.iterator"[0m;
  [90m 9 |[0m [36mimport[0m [32m"core-js/modules/es6.object.to-string"[0m;
  [90m10 |[0m [36mimport[0m [32m"core-js/modules/es6.object.keys"[0m;

Symlink [project]/node_modules/node_modules is invalid, it points out of the filesystem root

Debug info:
- Execution of <ModuleAssetContext as AssetContext>::resolve_asset failed
- Execution of resolve failed
- Execution of resolve_internal failed
- Execution of find_package failed
- Symlink [project]/node_modules/node_modules is invalid, it points out of the filesystem root


Import traces:
  App Route:
    ./node_modules/twitter-text/dist/esm/isInvalidTweet.js
    ./node_modules/twitter-text/dist/esm/index.js
    ./src/lib/studio/platform-publish-fields.ts
    ./src/app/api/publish/route.ts

  Client Component Browser:
    ./node_modules/twitter-text/dist/esm/isInvalidTweet.js [Client Component Browser]
    ./node_modules/twitter-text/dist/esm/index.js [Client Component Browser]
    ./src/lib/studio/platform-publish-fields.ts [Client Component Browser]
    ./src/app/studio/page.tsx [Client Component Browser]
    ./src/app/studio/page.tsx [Server Component]

  Client Component SSR:
    ./node_modules/twitter-text/dist/esm/isInvalidTweet.js [Client Component SSR]
    ./node_modules/twitter-text/dist/esm/index.js [Client Component SSR]
    ./src/lib/studio/platform-publish-fields.ts [Client Component SSR]
    ./src/app/studio/page.tsx [Client Component SSR]
    ./src/app/studio/page.tsx [Server Component]

https://nextjs.org/docs/messages/module-not-found


./node_modules/twitter-text/dist/esm/parseTweet.js:2:1
Module not found: Can't resolve 'core-js/modules/web.dom.iterable'
  [90m1 |[0m [36mimport[0m [32m"core-js/modules/es6.array.reduce"[0m;
[31m[1m>[0m [90m2 |[0m [36mimport[0m [32m"core-js/modules/web.dom.iterable"[0m;
  [90m  |[0m [31m[1m^^^^^^^^^^^^^^^^^^^^^^^^^^^^^^^^^^^^^^^^^^[0m
  [90m3 |[0m [36mimport[0m [32m"core-js/modules/es6.array.iterator"[0m;
  [90m4 |[0m [36mimport[0m [32m"core-js/modules/es6.object.to-string"[0m;
  [90m5 |[0m [36mimport[0m [32m"core-js/modules/es6.object.keys"[0m;

Symlink [project]/node_modules/node_modules is invalid, it points out of the filesystem root

Debug info:
- Execution of <ModuleAssetContext as AssetContext>::resolve_asset failed
- Execution of resolve failed
- Execution of resolve_internal failed
- Execution of find_package failed
- Symlink [project]/node_modules/node_modules is invalid, it points out of the filesystem root


Import traces:
  App Route:
    ./node_modules/twitter-text/dist/esm/parseTweet.js
    ./node_modules/twitter-text/dist/esm/index.js
    ./src/lib/studio/platform-publish-fields.ts
    ./src/app/api/publish/route.ts

  Client Component Browser:
    ./node_modules/twitter-text/dist/esm/parseTweet.js [Client Component Browser]
    ./node_modules/twitter-text/dist/esm/index.js [Client Component Browser]
    ./src/lib/studio/platform-publish-fields.ts [Client Component Browser]
    ./src/app/studio/page.tsx [Client Component Browser]
    ./src/app/studio/page.tsx [Server Component]

  Client Component SSR:
    ./node_modules/twitter-text/dist/esm/parseTweet.js [Client Component SSR]
    ./node_modules/twitter-text/dist/esm/index.js [Client Component SSR]
    ./src/lib/studio/platform-publish-fields.ts [Client Component SSR]
    ./src/app/studio/page.tsx [Client Component SSR]
    ./src/app/studio/page.tsx [Server Component]

https://nextjs.org/docs/messages/module-not-found


./node_modules/swr/dist/_internal/config-context-12s-CCVTDPOP.mjs:4:1
Module not found: Can't resolve 'dequal/lite'
  [90m2 |[0m [36mimport[0m [33mReact[0m, { useEffect, useLayoutEffect, createContext, useContext, useMemo, useRef, cre...
  [90m3 |[0m [36mimport[0m * [36mas[0m revalidateEvents [36mfrom[0m [32m'./events.mjs'[0m;
[31m[1m>[0m [90m4 |[0m [36mimport[0m { dequal } [36mfrom[0m [32m'dequal/lite'[0m;
  [90m  |[0m [31m[1m^^^^^^^^^^^^^^^^^^^^^^^^^^^^^^^^^^^^^[0m
  [90m5 |[0m
  [90m6 |[0m [90m// Global state used to deduplicate requests and store listeners[0m
  [90m7 |[0m [36mconst[0m [33mSWRGlobalState[0m = [36mnew[0m [33mWeakMap[0m();

Symlink [project]/node_modules/node_modules is invalid, it points out of the filesystem root

Debug info:
- Execution of <ModuleAssetContext as AssetContext>::resolve_asset failed
- Execution of resolve failed
- Execution of resolve_internal failed
- Execution of find_package failed
- Symlink [project]/node_modules/node_modules is invalid, it points out of the filesystem root


Import traces:
  #1 [Client Component Browser]:
    ./node_modules/swr/dist/_internal/config-context-12s-CCVTDPOP.mjs [Client Component Browser]
    ./node_modules/swr/dist/index/index.mjs [Client Component Browser]
    ./src/app/images/page.tsx [Client Component Browser]
    ./src/app/images/page.tsx [Server Component]

  #2 [Client Component Browser]:
    ./node_modules/swr/dist/_internal/config-context-12s-CCVTDPOP.mjs [Client Component Browser]
    ./node_modules/swr/dist/index/index.mjs [Client Component Browser]
    ./src/app/search-console/page.tsx [Client Component Browser]
    ./src/app/search-console/page.tsx [Server Component]

  #3 [Client Component SSR]:
    ./node_modules/swr/dist/_internal/config-context-12s-CCVTDPOP.mjs [Client Component SSR]
    ./node_modules/swr/dist/index/index.mjs [Client Component SSR]
    ./src/app/images/page.tsx [Client Component SSR]
    ./src/app/images/page.tsx [Server Component]

  #4 [Client Component SSR]:
    ./node_modules/swr/dist/_internal/config-context-12s-CCVTDPOP.mjs [Client Component SSR]
    ./node_modules/swr/dist/index/index.mjs [Client Component SSR]
    ./src/app/search-console/page.tsx [Client Component SSR]
    ./src/app/search-console/page.tsx [Server Component]

https://nextjs.org/docs/messages/module-not-found


./node_modules/twitter-text/dist/esm/lib/idna.js:6:1
Module not found: Can't resolve 'punycode'
  [90m4 |[0m [90m// Licensed under the Apache License, Version 2.0[0m
  [90m5 |[0m [90m// http://www.apache.org/licenses/LICENSE-2.0[0m
[31m[1m>[0m [90m6 |[0m [36mimport[0m punycode [36mfrom[0m [32m'punycode'[0m;
  [90m  |[0m [31m[1m^^^^^^^^^^^^^^^^^^^^^^^^^^^^^^^^[0m
  [90m7 |[0m [36mimport[0m validAsciiDomain [36mfrom[0m [32m'../regexp/validAsciiDomain'[0m;
  [90m8 |[0m [36mvar[0m [33mMAX_DOMAIN_LABEL_LENGTH[0m = [35m63[0m;
  [90m9 |[0m [36mvar[0m [33mPUNYCODE_ENCODED_DOMAIN_PREFIX[0m = [32m'xn--'[0m; [90m// This is an extremely lightweight implementa...[0m

Symlink [project]/node_modules/node_modules is invalid, it points out of the filesystem root

Debug info:
- Execution of <ModuleAssetContext as AssetContext>::resolve_asset failed
- Execution of resolve failed
- Execution of resolve_internal failed
- Execution of find_package failed
- Symlink [project]/node_modules/node_modules is invalid, it points out of the filesystem root


Import traces:
  App Route:
    ./node_modules/twitter-text/dist/esm/lib/idna.js
    ./node_modules/twitter-text/dist/esm/extractUrlsWithIndices.js
    ./node_modules/twitter-text/dist/esm/index.js
    ./src/lib/studio/platform-publish-fields.ts
    ./src/app/api/publish/route.ts

  Client Component Browser:
    ./node_modules/twitter-text/dist/esm/lib/idna.js [Client Component Browser]
    ./node_modules/twitter-text/dist/esm/extractUrlsWithIndices.js [Client Component Browser]
    ./node_modules/twitter-text/dist/esm/index.js [Client Component Browser]
    ./src/lib/studio/platform-publish-fields.ts [Client Component Browser]
    ./src/app/studio/page.tsx [Client Component Browser]
    ./src/app/studio/page.tsx [Server Component]

  Client Component SSR:
    ./node_modules/twitter-text/dist/esm/lib/idna.js [Client Component SSR]
    ./node_modules/twitter-text/dist/esm/extractUrlsWithIndices.js [Client Component SSR]
    ./node_modules/twitter-text/dist/esm/index.js [Client Component SSR]
    ./src/lib/studio/platform-publish-fields.ts [Client Component SSR]
    ./src/app/studio/page.tsx [Client Component SSR]
    ./src/app/studio/page.tsx [Server Component]

https://nextjs.org/docs/messages/module-not-found


./node_modules/react-dom/cjs/react-dom-client.production.js:15:17
Module not found: Can't resolve 'scheduler'
Symlink [project]/node_modules/node_modules is invalid, it points out of the filesystem root

Debug info:
- Execution of <ModuleAssetContext as AssetContext>::resolve_asset failed
- Execution of resolve failed
- Execution of resolve_internal failed
- Execution of find_package failed
- Symlink [project]/node_modules/node_modules is invalid, it points out of the filesystem root


Import trace:
  Browser:
    ./node_modules/react-dom/cjs/react-dom-client.production.js
    ./node_modules/react-dom/client.js
    ./node_modules/next/dist/client/index.js
    ./node_modules/next/dist/client/next-turbopack.js

https://nextjs.org/docs/messages/module-not-found


./node_modules/twitter-text/dist/esm/parseTweet.js:15:1
Module not found: Can't resolve 'twemoji-parser'
  [90m13 |[0m [36mimport[0m modifyIndicesFromUTF16ToUnicode [36mfrom[0m [32m'./modifyIndicesFromUTF16ToUnicode'[0m; [90m// TODO: ...[0m
  [90m14 |[0m
[31m[1m>[0m [90m15 |[0m [36mimport[0m { parse [36mas[0m extractEmojiWithIndices } [36mfrom[0m [32m'twemoji-parser'[0m;
  [90m   |[0m [31m[1m^^^^^^^^^^^^^^^^^^^^^^^^^^^^^^^^^^^^^^^^^^^^^^^^^^^^^^^^^^^^^^^^^^[0m
  [90m16 |[0m [36mimport[0m urlHasHttps [36mfrom[0m [32m'./regexp/urlHasHttps'[0m;
  [90m17 |[0m /**
  [90m18 |[0m  * [parseTweet description]

Symlink [project]/node_modules/node_modules is invalid, it points out of the filesystem root

Debug info:
- Execution of <ModuleAssetContext as AssetContext>::resolve_asset failed
- Execution of resolve failed
- Execution of resolve_internal failed
- Execution of find_package failed
- Symlink [project]/node_modules/node_modules is invalid, it points out of the filesystem root


Import traces:
  App Route:
    ./node_modules/twitter-text/dist/esm/parseTweet.js
    ./node_modules/twitter-text/dist/esm/index.js
    ./src/lib/studio/platform-publish-fields.ts
    ./src/app/api/publish/route.ts

  Client Component Browser:
    ./node_modules/twitter-text/dist/esm/parseTweet.js [Client Component Browser]
    ./node_modules/twitter-text/dist/esm/index.js [Client Component Browser]
    ./src/lib/studio/platform-publish-fields.ts [Client Component Browser]
    ./src/app/studio/page.tsx [Client Component Browser]
    ./src/app/studio/page.tsx [Server Component]

  Client Component SSR:
    ./node_modules/twitter-text/dist/esm/parseTweet.js [Client Component SSR]
    ./node_modules/twitter-text/dist/esm/index.js [Client Component SSR]
    ./src/lib/studio/platform-publish-fields.ts [Client Component SSR]
    ./src/app/studio/page.tsx [Client Component SSR]
    ./src/app/studio/page.tsx [Server Component]

https://nextjs.org/docs/messages/module-not-found


./node_modules/swr/dist/index/index.mjs:2:1
Module not found: Can't resolve 'use-sync-external-store/shim'
  [90m1 |[0m [36mimport[0m [33mReact[0m, { useRef, useMemo, useCallback, useDebugValue } [36mfrom[0m [32m'react'[0m;
[31m[1m>[0m [90m2 |[0m [36mimport[0m { useSyncExternalStore } [36mfrom[0m [32m'use-sync-external-store/shim'[0m;
  [90m  |[0m [31m[1m^^^^^^^^^^^^^^^^^^^^^^^^^^^^^^^^^^^^^^^^^^^^^^^^^^^^^^^^^^^^^^^^^^^^[0m
  [90m3 |[0m [36mimport[0m { [33mUNDEFINED[0m [36mas[0m [33mUNDEFINED$1[0m, [33mOBJECT[0m [36mas[0m [33mOBJECT$1[0m, [33mSWRConfig[0m [36mas[0m [33mSWRConfig$1[0m, defaultCon...
  [90m4 |[0m [36mexport[0m { mutate, preload, useSWRConfig } [36mfrom[0m [32m'../_internal/index.mjs'[0m;
  [90m5 |[0m

Symlink [project]/node_modules/node_modules is invalid, it points out of the filesystem root

Debug info:
- Execution of <ModuleAssetContext as AssetContext>::resolve_asset failed
- Execution of resolve failed
- Execution of resolve_internal failed
- Execution of find_package failed
- Symlink [project]/node_modules/node_modules is invalid, it points out of the filesystem root


Import traces:
  Client Component Browser:
    ./node_modules/swr/dist/index/index.mjs [Client Component Browser]
    ./src/app/search-console/page.tsx [Client Component Browser]
    ./src/app/search-console/page.tsx [Server Component]

  Client Component SSR:
    ./node_modules/swr/dist/index/index.mjs [Client Component SSR]
    ./src/app/search-console/page.tsx [Client Component SSR]
    ./src/app/search-console/page.tsx [Server Component]

https://nextjs.org/docs/messages/module-not-found


./src/lib/supabase.ts:1:1
Export isAuthRetryableFetchError doesn't exist in target module
[31m[1m>[0m [90m1 |[0m [36mimport[0m { createClient, isAuthRetryableFetchError, [36mtype[0m [33mUser[0m } [36mfrom[0m [32m"@supabase/supabase-js"[0m;
  [90m  |[0m [31m[1m^^^^^^^^^^^^^^^^^^^^^^^^^^^^^^^^^^^^^^^^^^^^^^^^^^^^^^^^^^^^^^^^^^^^^^^^^^^^^^^^^^^^^^^^^^^[0m
  [90m2 |[0m
  [90m3 |[0m [90m// 고객 셀프서브 인증(Supabase Auth). 하드코딩 금지 — env(공개키라 NEXT_PUBLIC_).[0m
  [90m4 |[0m [36mconst[0m [33mURL[0m = process.env.[33mNEXT_PUBLIC_SUPABASE_URL[0m || [32m""[0m;

The export isAuthRetryableFetchError was not found in module [project]/node_modules/@supabase/supabase-js/dist/index.mjs [app-client] (ecmascript).
Did you mean to import PostgrestError?
All exports of the module are statically known (It doesn't have dynamic exports). So it's known statically that the requested export doesn't exist.

Import traces:
  #1 [App Route]:
    ./src/lib/supabase.ts
    ./src/app/api/studio/text/route.ts

  #2 [Middleware]:
    ./src/lib/supabase.ts
    ./src/proxy.ts

  #3 [App Route]:
    ./src/lib/supabase.ts
    ./src/lib/studio/generation/identity.ts
    ./src/app/api/studio/v1/shorts-factory/runs/route.ts

  #4 [Client Component Browser]:
    ./src/lib/supabase.ts [Client Component Browser]
    ./src/app/login/page.tsx [Client Component Browser]
    ./src/app/login/page.tsx [Server Component]

  #5 [Client Component SSR]:
    ./src/lib/supabase.ts [Client Component SSR]
    ./src/app/login/page.tsx [Client Component SSR]
    ./src/app/login/page.tsx [Server Component]


./src/lib/supabase.ts:1:1
Export isAuthRetryableFetchError doesn't exist in target module
[31m[1m>[0m [90m1 |[0m [36mimport[0m { createClient, isAuthRetryableFetchError, [36mtype[0m [33mUser[0m } [36mfrom[0m [32m"@supabase/supabase-js"[0m;
  [90m  |[0m [31m[1m^^^^^^^^^^^^^^^^^^^^^^^^^^^^^^^^^^^^^^^^^^^^^^^^^^^^^^^^^^^^^^^^^^^^^^^^^^^^^^^^^^^^^^^^^^^[0m
  [90m2 |[0m
  [90m3 |[0m [90m// 고객 셀프서브 인증(Supabase Auth). 하드코딩 금지 — env(공개키라 NEXT_PUBLIC_).[0m
  [90m4 |[0m [36mconst[0m [33mURL[0m = process.env.[33mNEXT_PUBLIC_SUPABASE_URL[0m || [32m""[0m;

The export isAuthRetryableFetchError was not found in module [project]/node_modules/@supabase/supabase-js/dist/index.mjs [app-route] (ecmascript).
Did you mean to import PostgrestError?
All exports of the module are statically known (It doesn't have dynamic exports). So it's known statically that the requested export doesn't exist.

Import traces:
  #1 [App Route]:
    ./src/lib/supabase.ts
    ./src/app/api/studio/text/route.ts

  #2 [Middleware]:
    ./src/lib/supabase.ts
    ./src/proxy.ts

  #3 [App Route]:
    ./src/lib/supabase.ts
    ./src/lib/studio/generation/identity.ts
    ./src/app/api/studio/v1/shorts-factory/runs/route.ts

  #4 [Client Component Browser]:
    ./src/lib/supabase.ts [Client Component Browser]
    ./src/app/login/page.tsx [Client Component Browser]
    ./src/app/login/page.tsx [Server Component]

  #5 [Client Component SSR]:
    ./src/lib/supabase.ts [Client Component SSR]
    ./src/app/login/page.tsx [Client Component SSR]
    ./src/app/login/page.tsx [Server Component]


./src/lib/supabase.ts:1:1
Export isAuthRetryableFetchError doesn't exist in target module
[31m[1m>[0m [90m1 |[0m [36mimport[0m { createClient, isAuthRetryableFetchError, [36mtype[0m [33mUser[0m } [36mfrom[0m [32m"@supabase/supabase-js"[0m;
  [90m  |[0m [31m[1m^^^^^^^^^^^^^^^^^^^^^^^^^^^^^^^^^^^^^^^^^^^^^^^^^^^^^^^^^^^^^^^^^^^^^^^^^^^^^^^^^^^^^^^^^^^[0m
  [90m2 |[0m
  [90m3 |[0m [90m// 고객 셀프서브 인증(Supabase Auth). 하드코딩 금지 — env(공개키라 NEXT_PUBLIC_).[0m
  [90m4 |[0m [36mconst[0m [33mURL[0m = process.env.[33mNEXT_PUBLIC_SUPABASE_URL[0m || [32m""[0m;

The export isAuthRetryableFetchError was not found in module [project]/node_modules/@supabase/supabase-js/dist/index.mjs [app-ssr] (ecmascript).
Did you mean to import PostgrestError?
All exports of the module are statically known (It doesn't have dynamic exports). So it's known statically that the requested export doesn't exist.

Import traces:
  #1 [App Route]:
    ./src/lib/supabase.ts
    ./src/app/api/studio/text/route.ts

  #2 [Middleware]:
    ./src/lib/supabase.ts
    ./src/proxy.ts

  #3 [App Route]:
    ./src/lib/supabase.ts
    ./src/lib/studio/generation/identity.ts
    ./src/app/api/studio/v1/shorts-factory/runs/route.ts

  #4 [Client Component Browser]:
    ./src/lib/supabase.ts [Client Component Browser]
    ./src/app/login/page.tsx [Client Component Browser]
    ./src/app/login/page.tsx [Server Component]

  #5 [Client Component SSR]:
    ./src/lib/supabase.ts [Client Component SSR]
    ./src/app/login/page.tsx [Client Component SSR]
    ./src/app/login/page.tsx [Server Component]


./src/lib/supabase.ts:1:1
Export isAuthRetryableFetchError doesn't exist in target module
[31m[1m>[0m [90m1 |[0m [36mimport[0m { createClient, isAuthRetryableFetchError, [36mtype[0m [33mUser[0m } [36mfrom[0m [32m"@supabase/supabase-js"[0m;
  [90m  |[0m [31m[1m^^^^^^^^^^^^^^^^^^^^^^^^^^^^^^^^^^^^^^^^^^^^^^^^^^^^^^^^^^^^^^^^^^^^^^^^^^^^^^^^^^^^^^^^^^^[0m
  [90m2 |[0m
  [90m3 |[0m [90m// 고객 셀프서브 인증(Supabase Auth). 하드코딩 금지 — env(공개키라 NEXT_PUBLIC_).[0m
  [90m4 |[0m [36mconst[0m [33mURL[0m = process.env.[33mNEXT_PUBLIC_SUPABASE_URL[0m || [32m""[0m;

The export isAuthRetryableFetchError was not found in module [project]/node_modules/@supabase/supabase-js/dist/index.mjs [middleware] (ecmascript).
Did you mean to import PostgrestError?
All exports of the module are statically known (It doesn't have dynamic exports). So it's known statically that the requested export doesn't exist.

Import traces:
  #1 [App Route]:
    ./src/lib/supabase.ts
    ./src/app/api/studio/text/route.ts

  #2 [Middleware]:
    ./src/lib/supabase.ts
    ./src/proxy.ts

  #3 [App Route]:
    ./src/lib/supabase.ts
    ./src/lib/studio/generation/identity.ts
    ./src/app/api/studio/v1/shorts-factory/runs/route.ts

  #4 [Client Component Browser]:
    ./src/lib/supabase.ts [Client Component Browser]
    ./src/app/login/page.tsx [Client Component Browser]
    ./src/app/login/page.tsx [Server Component]

  #5 [Client Component SSR]:
    ./src/lib/supabase.ts [Client Component SSR]
    ./src/app/login/page.tsx [Client Component SSR]
    ./src/app/login/page.tsx [Server Component]


    at moduleFactory (turbopack:///[turbopack]/nodejs/runtime/build-base.ts:57:5) [/private/tmp/osmu-v25-build.uWzn5Y/.next/build/chunks/[turbopack]_runtime.js:840:9])
    at instantiateModule (turbopack:///[turbopack]/nodejs/runtime/build-base.ts:90:10) [/private/tmp/osmu-v25-build.uWzn5Y/.next/build/chunks/[turbopack]_runtime.js:864:12])
    at getOrInstantiateModuleFromParent (turbopack:///[turbopack]/shared/runtime/runtime-utils.ts:398:18) [/private/tmp/osmu-v25-build.uWzn5Y/.next/build/chunks/[turbopack]_runtime.js:268:20])
    at async run (turbopack:///[turbopack-node]/child_process/evaluate.ts:72:20) [/private/tmp/osmu-v25-build.uWzn5Y/.next/build/chunks/[root-of-the-server]__0ubbtyl._.js:427:24])
    at moduleFactory (turbopack:///[turbopack]/nodejs/runtime/build-base.ts:57:5) [/private/tmp/osmu-v25-build.uWzn5Y/.next/build/chunks/[turbopack]_runtime.js:840:9])
    at instantiateModule (turbopack:///[turbopack]/nodejs/runtime/build-base.ts:90:10) [/private/tmp/osmu-v25-build.uWzn5Y/.next/build/chunks/[turbopack]_runtime.js:864:12])
    at getOrInstantiateModuleFromParent (turbopack:///[turbopack]/shared/runtime/runtime-utils.ts:398:18) [/private/tmp/osmu-v25-build.uWzn5Y/.next/build/chunks/[turbopack]_runtime.js:268:20])
    at async run (turbopack:///[turbopack-node]/child_process/evaluate.ts:72:20) [/private/tmp/osmu-v25-build.uWzn5Y/.next/build/chunks/[root-of-the-server]__0ubbtyl._.js:427:24])
    at moduleFactory (turbopack:///[turbopack]/nodejs/runtime/build-base.ts:57:5) [/private/tmp/osmu-v25-build.uWzn5Y/.next/build/chunks/[turbopack]_runtime.js:840:9])
    at instantiateModule (turbopack:///[turbopack]/nodejs/runtime/build-base.ts:90:10) [/private/tmp/osmu-v25-build.uWzn5Y/.next/build/chunks/[turbopack]_runtime.js:864:12])
    at getOrInstantiateModuleFromParent (turbopack:///[turbopack]/shared/runtime/runtime-utils.ts:398:18) [/private/tmp/osmu-v25-build.uWzn5Y/.next/build/chunks/[turbopack]_runtime.js:268:20])
    at async run (turbopack:///[turbopack-node]/child_process/evaluate.ts:72:20) [/private/tmp/osmu-v25-build.uWzn5Y/.next/build/chunks/[root-of-the-server]__0ubbtyl._.js:427:24])
    at moduleFactory (turbopack:///[turbopack]/nodejs/runtime/build-base.ts:57:5) [/private/tmp/osmu-v25-build.uWzn5Y/.next/build/chunks/[turbopack]_runtime.js:840:9])
    at instantiateModule (turbopack:///[turbopack]/nodejs/runtime/build-base.ts:90:10) [/private/tmp/osmu-v25-build.uWzn5Y/.next/build/chunks/[turbopack]_runtime.js:864:12])
    at getOrInstantiateModuleFromParent (turbopack:///[turbopack]/shared/runtime/runtime-utils.ts:398:18) [/private/tmp/osmu-v25-build.uWzn5Y/.next/build/chunks/[turbopack]_runtime.js:268:20])
    at async run (turbopack:///[turbopack-node]/child_process/evaluate.ts:72:20) [/private/tmp/osmu-v25-build.uWzn5Y/.next/build/chunks/[root-of-the-server]__0ubbtyl._.js:427:24])
    at <unknown> (https://nextjs.org/docs/messages/module-not-found)
    at ./node_modules/ (supabase/supabase-js/dist/index.mjs:5:1)
    at <unknown> (https://nextjs.org/docs/messages/module-not-found)
    at ./node_modules/ (supabase/supabase-js/dist/index.mjs:9:1)
    at <unknown> (https://nextjs.org/docs/messages/module-not-found)
    at ./node_modules/ (supabase/supabase-js/dist/index.mjs:1:1)
    at <unknown> (https://nextjs.org/docs/messages/module-not-found)
    at ./node_modules/ (supabase/supabase-js/dist/index.mjs:2:1)
    at <unknown> (https://nextjs.org/docs/messages/module-not-found)
    at ./node_modules/ (supabase/supabase-js/dist/index.mjs:3:1)
    at <unknown> (https://nextjs.org/docs/messages/module-not-found)
    at ./node_modules/ (supabase/supabase-js/dist/index.mjs:7:1)
    at <unknown> (https://nextjs.org/docs/messages/module-not-found)
    at ./node_modules/ (supabase/supabase-js/dist/index.mjs:4:1)
    at <unknown> (https://nextjs.org/docs/messages/module-not-found)
    at <unknown> (https://nextjs.org/docs/messages/module-not-found)
    at <unknown> (https://nextjs.org/docs/messages/module-not-found)
    at <unknown> (https://nextjs.org/docs/messages/module-not-found)
    at <unknown> (https://nextjs.org/docs/messages/module-not-found)
    at <unknown> (https://nextjs.org/docs/messages/module-not-found)
    at <unknown> (https://nextjs.org/docs/messages/module-not-found)
    at <unknown> (https://nextjs.org/docs/messages/module-not-found)
    at <unknown> (https://nextjs.org/docs/messages/module-not-found)
    at <unknown> (https://nextjs.org/docs/messages/module-not-found)
    at <unknown> (https://nextjs.org/docs/messages/module-not-found)
    at <unknown> (https://nextjs.org/docs/messages/module-not-found)
    at <unknown> (https://nextjs.org/docs/messages/module-not-found)
    at <unknown> (https://nextjs.org/docs/messages/module-not-found)
    at <unknown> (https://nextjs.org/docs/messages/module-not-found)
    at <unknown> (https://nextjs.org/docs/messages/module-not-found)
    at <unknown> (https://nextjs.org/docs/messages/module-not-found)
    at <unknown> (https://nextjs.org/docs/messages/module-not-found)
    at <unknown> (https://nextjs.org/docs/messages/module-not-found)
    at <unknown> (https://nextjs.org/docs/messages/module-not-found)
    at <unknown> (https://nextjs.org/docs/messages/module-not-found)
    at <unknown> (https://nextjs.org/docs/messages/module-not-found)
    at <unknown> (https://nextjs.org/docs/messages/module-not-found)
    at <unknown> (https://nextjs.org/docs/messages/module-not-found)
    at <unknown> (https://nextjs.org/docs/messages/module-not-found)
    at <unknown> (https://nextjs.org/docs/messages/module-not-found)
    at <unknown> (https://nextjs.org/docs/messages/module-not-found)
    at <unknown> (https://nextjs.org/docs/messages/module-not-found)
    at <unknown> (https://nextjs.org/docs/messages/module-not-found)
    at <unknown> (https://nextjs.org/docs/messages/module-not-found)
    at <unknown> (https://nextjs.org/docs/messages/module-not-found)
    at <unknown> (https://nextjs.org/docs/messages/module-not-found)
    at <unknown> (https://nextjs.org/docs/messages/module-not-found)
    at <unknown> (https://nextjs.org/docs/messages/module-not-found)
    at <unknown> (https://nextjs.org/docs/messages/module-not-found)
    at <unknown> (https://nextjs.org/docs/messages/module-not-found)
    at <unknown> (https://nextjs.org/docs/messages/module-not-found)
    at <unknown> (https://nextjs.org/docs/messages/module-not-found)
    at <unknown> (https://nextjs.org/docs/messages/module-not-found)
    at <unknown> (https://nextjs.org/docs/messages/module-not-found)
    at <unknown> (https://nextjs.org/docs/messages/module-not-found)
    at <unknown> (https://nextjs.org/docs/messages/module-not-found)
    at <unknown> (https://nextjs.org/docs/messages/module-not-found)
    at <unknown> ([turbopack-node]/transforms/postcss.ts:10:1)
    at <unknown> (https://nextjs.org/docs/messages/module-not-found)
    at <unknown> (https://nextjs.org/docs/messages/module-not-found)
    at <unknown> (https://nextjs.org/docs/messages/module-not-found)
    at <unknown> (https://nextjs.org/docs/messages/module-not-found)
    at <unknown> (https://nextjs.org/docs/messages/module-not-found)
    at <unknown> (https://nextjs.org/docs/messages/module-not-found)
    at <unknown> (https://nextjs.org/docs/messages/module-not-found)
    at <unknown> (https://nextjs.org/docs/messages/module-not-found)
    at <unknown> (https://nextjs.org/docs/messages/module-not-found)
    at <unknown> (https://nextjs.org/docs/messages/module-not-found)
    at <unknown> (https://nextjs.org/docs/messages/module-not-found)
    at <unknown> (https://nextjs.org/docs/messages/module-not-found)
    at <unknown> (https://nextjs.org/docs/messages/module-not-found)
    at <unknown> (https://nextjs.org/docs/messages/module-not-found)
    at <unknown> (https://nextjs.org/docs/messages/module-not-found)
    at <unknown> (https://nextjs.org/docs/messages/module-not-found)
    at <unknown> (https://nextjs.org/docs/messages/module-not-found)
    at <unknown> (https://nextjs.org/docs/messages/module-not-found)
    at <unknown> (https://nextjs.org/docs/messages/module-not-found)
    at <unknown> (https://nextjs.org/docs/messages/module-not-found)
    at <unknown> (https://nextjs.org/docs/messages/module-not-found)
    at <unknown> (https://nextjs.org/docs/messages/module-not-found)
    at <unknown> (https://nextjs.org/docs/messages/module-not-found)
    at <unknown> (https://nextjs.org/docs/messages/module-not-found)
    at <unknown> (https://nextjs.org/docs/messages/module-not-found)
    at <unknown> (https://nextjs.org/docs/messages/module-not-found)
    at <unknown> (https://nextjs.org/docs/messages/module-not-found)
    at <unknown> (https://nextjs.org/docs/messages/module-not-found)
    at <unknown> (https://nextjs.org/docs/messages/module-not-found)
    at <unknown> (https://nextjs.org/docs/messages/module-not-found)
    at <unknown> (https://nextjs.org/docs/messages/module-not-found)
    at <unknown> (https://nextjs.org/docs/messages/module-not-found)
    at <unknown> (https://nextjs.org/docs/messages/module-not-found)
    at <unknown> (https://nextjs.org/docs/messages/module-not-found)
    at <unknown> (https://nextjs.org/docs/messages/module-not-found)
    at <unknown> (https://nextjs.org/docs/messages/module-not-found)
    at <unknown> (https://nextjs.org/docs/messages/module-not-found)
    at <unknown> (https://nextjs.org/docs/messages/module-not-found)
    at <unknown> (https://nextjs.org/docs/messages/module-not-found)
    at <unknown> (https://nextjs.org/docs/messages/module-not-found)
    at <unknown> (https://nextjs.org/docs/messages/module-not-found)
    at <unknown> (https://nextjs.org/docs/messages/module-not-found)
    at <unknown> (https://nextjs.org/docs/messages/module-not-found)
    at <unknown> (https://nextjs.org/docs/messages/module-not-found)
    at <unknown> (https://nextjs.org/docs/messages/module-not-found)
    at <unknown> (https://nextjs.org/docs/messages/module-not-found)
    at <unknown> (https://nextjs.org/docs/messages/module-not-found)
    at <unknown> (https://nextjs.org/docs/messages/module-not-found)
    at <unknown> (https://nextjs.org/docs/messages/module-not-found)
    at <unknown> (https://nextjs.org/docs/messages/module-not-found)
    at <unknown> (https://nextjs.org/docs/messages/module-not-found)
    at <unknown> (https://nextjs.org/docs/messages/module-not-found)
    at <unknown> (https://nextjs.org/docs/messages/module-not-found)
    at <unknown> (https://nextjs.org/docs/messages/module-not-found)
    at <unknown> (https://nextjs.org/docs/messages/module-not-found)
    at <unknown> (https://nextjs.org/docs/messages/module-not-found)
    at <unknown> (https://nextjs.org/docs/messages/module-not-found)
    at <unknown> (https://nextjs.org/docs/messages/module-not-found)
    at <unknown> (https://nextjs.org/docs/messages/module-not-found)
    at <unknown> (https://nextjs.org/docs/messages/module-not-found)
    at <unknown> (https://nextjs.org/docs/messages/module-not-found)
    at <unknown> (https://nextjs.org/docs/messages/module-not-found)
    at <unknown> (https://nextjs.org/docs/messages/module-not-found)
    at <unknown> (./src/lib/supabase.ts:1:1)
    at <unknown> (./src/lib/supabase.ts:1:1)
    at <unknown> (./src/lib/supabase.ts:1:1)
    at <unknown> (./src/lib/supabase.ts:1:1)
